./genomes/GCA_000001405.29_GRCh38.p14_genomic_1.fna,1
./genomes/GCA_000001405.29_GRCh38.p14_genomic_11.fna,1
./genomes/GCA_000001405.29_GRCh38.p14_genomic_14.fna,1
./genomes/GCA_000001405.29_GRCh38.p14_genomic_16.fna,1
./genomes/GCA_000001405.29_GRCh38.p14_genomic_18.fna,1
./genomes/GCA_000001405.29_GRCh38.p14_genomic_20.fna,1
./genomes/GCA_000001405.29_GRCh38.p14_genomic_21.fna,1
./genomes/GCA_000001405.29_GRCh38.p14_genomic_64.fna,1
./genomes/GCA_000001405.29_GRCh38.p14_genomic_22.fna,1
./genomes/GCA_000001405.29_GRCh38.p14_genomic_23.fna,1
./genomes/GCA_000001405.29_GRCh38.p14_genomic_29.fna,1
./genomes/GCA_000001405.29_GRCh38.p14_genomic_28.fna,1
./genomes/GCA_000001405.29_GRCh38.p14_genomic_31.fna,1
./genomes/GCA_000001405.29_GRCh38.p14_genomic_32.fna,1
./genomes/GCA_000001405.29_GRCh38.p14_genomic_33.fna,1
./genomes/GCA_000001405.29_GRCh38.p14_genomic_42.fna,1
./genomes/GCA_000001405.29_GRCh38.p14_genomic_44.fna,1
./genomes/GCA_000001405.29_GRCh38.p14_genomic_46.fna,1
./genomes/GCA_000001405.29_GRCh38.p14_genomic_50.fna,1
./genomes/GCA_000001405.29_GRCh38.p14_genomic_52.fna,1
./genomes/GCA_000001405.29_GRCh38.p14_genomic_51.fna,1
./genomes/GCA_000001405.29_GRCh38.p14_genomic_65.fna,1
./genomes/GCA_000001405.29_GRCh38.p14_genomic_54.fna,1
./genomes/GCA_000001405.29_GRCh38.p14_genomic_53.fna,1
./genomes/GCA_000227115.2_ASM22711v2_genomic.fna,1
./genomes/GCA_000146045.2_R64_genomic.fna,1
./genomes/GCA_019904175.1_ASM1990417v1_genomic.fna,1
./genomes/GCA_001302585.1_ASM130258v1_genomic.fna,1
./genomes/GCA_000024025.1_ASM2402v1_genomic.fna,1
./genomes/GCA_002368095.1_ASM236809v1_genomic.fna,1
./genomes/GCA_001557535.2_ASM155753v2_genomic.fna,1
./genomes/GCA_010119975.1_ASM1011997v1_genomic.fna,1
./genomes/GCA_004359355.1_ASM435935v1_genomic.fna,1
./genomes/GCA_000316665.1_ASM31666v1_genomic.fna,1
./genomes/GCA_002192415.1_ASM219241v1_genomic.fna,1
./genomes/GCA_000758565.1_ASM75856v1_genomic.fna,1
./genomes/GCA_014621695.1_ASM1462169v1_genomic.fna,1
./genomes/GCA_020419785.1_ASM2041978v1_genomic.fna,1
./genomes/GCA_000758665.1_ASM75866v1_genomic.fna,1
./genomes/GCA_000981585.1_SBR5_T__genomic.fna,1
./genomes/GCA_009762775.1_ASM976277v1_genomic.fna,1
./genomes/GCA_002813775.1_ASM281377v1_genomic.fna,1
./genomes/GCA_018207515.1_ASM1820751v1_genomic.fna,1
./genomes/GCA_022870505.1_ASM2287050v1_genomic.fna,1
./genomes/GCA_000010725.1_ASM1072v1_genomic.fna,1
./genomes/GCA_900142985.1_IMG-taxon_2695420919_annotated_assembly_genomic.fna,1
./genomes/GCA_010365285.1_ASM1036528v1_genomic.fna,1
./genomes/GCA_009363095.1_ASM936309v1_genomic.fna,1
./genomes/GCA_900454495.1_49508_F02_genomic.fna,1
./genomes/GCA_018292125.1_ASM1829212v1_genomic.fna,1
./genomes/GCA_003945345.1_ASM394534v1_genomic.fna,1
./genomes/GCA_021497025.1_ASM2149702v1_genomic.fna,1
./genomes/GCA_002741035.1_ASM274103v1_genomic.fna,1
./genomes/GCA_001688665.2_ASM168866v2_genomic.fna,1
./genomes/GCA_004295585.1_ASM429558v1_genomic.fna,1
./genomes/GCA_020091425.1_ASM2009142v1_genomic.fna,1
./genomes/GCA_004135205.1_ASM413520v1_genomic.fna,1
./genomes/GCA_000758645.1_ASM75864v1_genomic.fna,1
./genomes/GCA_022369515.1_ASM2236951v1_genomic.fna,1
./genomes/GCA_003177055.1_ASM317705v1_genomic.fna,1
./genomes/GCA_012113595.1_ASM1211359v1_genomic.fna,1
./genomes/GCA_014334015.1_ASM1433401v1_genomic.fna,1
./genomes/GCA_000346065.1_ASM34606v1_genomic.fna,1
./genomes/GCA_900091515.1_IMG-taxon_2627854289_annotated_assembly_genomic.fna,1
./genomes/GCA_000340885.1_ASM34088v1_genomic.fna,1
./genomes/GCA_009721605.1_ASM972160v1_genomic.fna,1
./genomes/GCA_003952225.1_ASM395222v1_genomic.fna,1
./genomes/GCA_002234575.2_ASM223457v2_genomic.fna,1
./genomes/GCA_018289135.1_ASM1828913v1_genomic.fna,1
./genomes/GCA_004117095.1_ASM411709v1_genomic.fna,1
./genomes/GCA_000230835.1_ASM23083v1_genomic.fna,1
./genomes/GCA_001314995.1_ASM131499v1_genomic.fna,1
./genomes/GCA_009363435.1_ASM936343v1_genomic.fna,1
./genomes/GCA_013347305.1_ASM1334730v1_genomic.fna,1
./genomes/GCA_000001405.29_GRCh38.p14_genomic_291.fna,1
./genomes/GCA_004015185.1_ASM401518v1_genomic.fna,1
./genomes/GCA_000025265.1_ASM2526v1_genomic.fna,1
./genomes/GCA_004210255.1_ASM421025v1_genomic.fna,1
./genomes/GCA_020091505.1_ASM2009150v1_genomic.fna,1
./genomes/GCA_017357245.1_ASM1735724v1_genomic.fna,1
./genomes/GCA_018141445.1_ASM1814144v1_genomic.fna,1
./genomes/GCA_014131755.1_ASM1413175v1_genomic.fna,1
./genomes/GCA_017086365.1_ASM1708636v1_genomic.fna,1
./genomes/GCA_000006765.1_ASM676v1_genomic.fna,1
./genomes/GCA_021654575.1_ASM2165457v1_genomic.fna,1
./genomes/GCA_000161615.1_ASM16161v1_genomic.fna,1
./genomes/GCA_020215665.1_ASM2021566v1_genomic.fna,1
./genomes/GCA_001022135.1_ASM102213v1_genomic.fna,1
./genomes/GCA_000412675.1_ASM41267v1_genomic.fna,1
./genomes/GCA_000756615.1_ASM75661v1_genomic.fna,1
./genomes/GCA_015139575.1_ASM1513957v1_genomic.fna,1
./genomes/GCA_019977655.1_ASM1997765v1_genomic.fna,1
./genomes/GCA_016725865.1_ASM1672586v1_genomic.fna,1
./genomes/GCA_018223745.1_ASM1822374v1_genomic.fna,1
./genomes/GCA_000723165.1_JAG1_genomic.fna,1
./genomes/GCA_000940995.1_ASM94099v1_genomic.fna,1
./genomes/GCA_002220285.1_ASM222028v1_genomic.fna,1
./genomes/GCA_009649995.1_ASM964999v1_genomic.fna,1
./genomes/GCA_006274405.1_ASM627440v1_genomic.fna,1
./genomes/GCA_001750685.1_ASM175068v1_genomic.fna,1
./genomes/GCA_013375035.1_ASM1337503v1_genomic.fna,1
./genomes/GCA_001636315.1_ASM163631v1_genomic.fna,1
./genomes/GCA_020341675.1_ASM2034167v1_genomic.fna,1
./genomes/GCA_000184435.1_ASM18443v1_genomic.fna,1
./genomes/GCA_014217835.1_ASM1421783v1_genomic.fna,1
./genomes/GCA_009193295.2_ASM919329v2_genomic.fna,1
./genomes/GCA_001541345.2_ASM154134v2_genomic.fna,1
./genomes/GCA_001038625.1_ASM103862v1_genomic.fna,1
./genomes/GCA_021223605.1_ASM2122360v1_genomic.fna,1
./genomes/GCA_000240185.2_ASM24018v2_genomic.fna,1
./genomes/GCA_019930665.1_ASM1993066v1_genomic.fna,1
./genomes/GCA_005154805.1_ASM515480v1_genomic.fna,1
./genomes/GCA_000758685.1_ASM75868v1_genomic.fna,1
./genomes/GCA_018141425.1_ASM1814142v1_genomic.fna,1
./genomes/GCA_014218355.1_ASM1421835v1_genomic.fna,1
./genomes/GCA_006542275.1_ASM654227v1_genomic.fna,1
./genomes/GCA_000371485.1_Clos_clos_90B1_V1_genomic.fna,1
./genomes/GCA_009935415.1_ASM993541v1_genomic.fna,1
./genomes/GCA_009720625.1_ASM972062v1_genomic.fna,1
./genomes/GCA_000015565.1_ASM1556v1_genomic.fna,1
./genomes/GCA_000008865.2_ASM886v2_genomic.fna,1
./genomes/GCA_014844035.1_ASM1484403v1_genomic.fna,1
./genomes/GCA_000001405.29_GRCh38.p14_genomic_363.fna,1
./genomes/GCA_009931695.1_ASM993169v1_genomic.fna,1
./genomes/GCA_005887635.2_ASM588763v2_genomic.fna,1
./genomes/GCA_001405695.1_13414_6_55_genomic.fna,1
./genomes/GCA_902387545.1_UHGG_MGYG-HGUT-02478_genomic.fna,1
./genomes/GCA_014218335.1_ASM1421833v1_genomic.fna,1
./genomes/GCA_002257605.1_ASM225760v1_genomic.fna,1
./genomes/GCA_016757755.1_ASM1675775v1_genomic.fna,1
./genomes/GCA_009193325.2_ASM919332v2_genomic.fna,1
./genomes/GCA_900461315.1_49699_G01_genomic.fna,1
./genomes/GCA_003713065.1_ASM371306v1_genomic.fna,1
./genomes/GCA_003931855.1_ASM393185v1_genomic.fna,1
./genomes/GCA_000021925.1_ASM2192v1_genomic.fna,1
./genomes/GCA_000145275.1_ASM14527v1_genomic.fna,1
./genomes/GCA_002162355.1_ASM216235v1_genomic.fna,1
./genomes/GCA_016889925.1_ASM1688992v1_genomic.fna,1
./genomes/GCA_001866075.3_ASM186607v3_genomic.fna,1
./genomes/GCA_015594925.2_ASM1559492v2_genomic.fna,1
./genomes/GCA_008572545.1_ASM857254v1_genomic.fna,1
./genomes/GCA_013267435.1_ASM1326743v1_genomic.fna,1
./genomes/GCA_000001405.29_GRCh38.p14_genomic_650.fna,1
./genomes/GCA_021462285.1_ASM2146228v1_genomic.fna,1
./genomes/GCA_000281175.1_ASM28117v1_genomic.fna,1
./genomes/GCA_001689125.2_ASM168912v2_genomic.fna,1
./genomes/GCA_000023465.1_ASM2346v1_genomic.fna,1
./genomes/GCA_005843885.1_ASM584388v1_genomic.fna,1
./genomes/GCA_012273055.1_ASM1227305v1_genomic.fna,1
./genomes/GCA_000473995.1_ASM47399v1_genomic.fna,1
./genomes/GCA_900111425.1_IMG-taxon_2693429902_annotated_assembly_genomic.fna,1
./genomes/GCA_011067265.1_ASM1106726v1_genomic.fna,1
./genomes/GCA_002224285.1_ASM222428v1_genomic.fna,1
./genomes/GCA_900100555.1_IMG-taxon_2642422525_annotated_assembly_genomic.fna,1
./genomes/GCA_000740965.1_ASM74096v1_genomic.fna,1
./genomes/GCA_000227745.3_ASM22774v3_genomic.fna,1
./genomes/GCA_002211745.1_ASM221174v1_genomic.fna,1
./genomes/GCA_000001405.29_GRCh38.p14_genomic_361.fna,1
./genomes/GCA_007665635.1_ASM766563v1_genomic.fna,1
./genomes/GCA_001685395.1_ASM168539v1_genomic.fna,1
./genomes/GCA_020885855.1_ASM2088585v1_genomic.fna,1
./genomes/GCA_003991565.1_ASM399156v1_genomic.fna,1
./genomes/GCA_003815995.1_ASM381599v1_genomic.fna,1
./genomes/GCA_000009985.1_ASM998v1_genomic.fna,1
./genomes/GCA_000006945.2_ASM694v2_genomic.fna,1
./genomes/GCA_000754805.1_YFB_genomic.fna,1
./genomes/GCA_000307345.1_Para_merd_CL03T12C32_V1_genomic.fna,1
./genomes/GCA_000001405.29_GRCh38.p14_genomic_678.fna,1
./genomes/GCA_018292165.1_ASM1829216v1_genomic.fna,1
./genomes/GCA_011038705.2_ASM1103870v2_genomic.fna,1
./genomes/GCA_000237085.1_ASM23708v1_genomic.fna,1
./genomes/GCA_003815775.1_ASM381577v1_genomic.fna,1
./genomes/GCA_000186265.1_ASM18626v1_genomic.fna,1
./genomes/GCA_000473245.1_ASM47324v1_genomic.fna,1
./genomes/GCA_000233715.3_ASM23371v3_genomic.fna,1
./genomes/GCA_000770155.1_ASM77015v1_genomic.fna,1
./genomes/GCA_900129945.1_IMG-taxon_2585428068_annotated_assembly_genomic.fna,1
./genomes/GCA_000018685.1_ASM1868v1_genomic.fna,1
./genomes/GCA_001688725.2_ASM168872v2_genomic.fna,1
./genomes/GCA_000006925.2_ASM692v2_genomic.fna,1
./genomes/GCA_000001405.29_GRCh38.p14_genomic_672.fna,1
./genomes/GCA_001922385.1_ASM192238v1_genomic.fna,1
./genomes/GCA_005473905.2_ASM547390v2_genomic.fna,1
./genomes/GCA_016889065.1_ASM1688906v1_genomic.fna,1
./genomes/GCA_002074155.1_ASM207415v1_genomic.fna,1
./genomes/GCA_022919575.1_ASM2291957v1_genomic.fna,1
./genomes/GCA_000001405.29_GRCh38.p14_genomic_642.fna,1
./genomes/GCA_001877035.1_ASM187703v1_genomic.fna,1
./genomes/GCA_013892435.1_ASM1389243v1_genomic.fna,1
./genomes/GCA_003990395.1_ASM399039v1_genomic.fna,1
./genomes/GCA_900682675.2_P_marincola_YSy11_v2_genomic.fna,1
./genomes/GCA_020735865.1_ASM2073586v1_genomic.fna,1
./genomes/GCA_000521505.1_ASM52150v1_genomic.fna,1
./genomes/GCA_002896855.1_ASM289685v1_genomic.fna,1
./genomes/GCA_018219155.1_ASM1821915v1_genomic.fna,1
./genomes/GCA_012317185.1_ASM1231718v1_genomic.fna,1
./genomes/GCA_000021945.1_ASM2194v1_genomic.fna,1
./genomes/GCA_011326135.1_ASM1132613v1_genomic.fna,1
./genomes/GCA_016724865.1_ASM1672486v1_genomic.fna,1
./genomes/GCA_000023545.1_ASM2354v1_genomic.fna,1
./genomes/GCA_000001405.29_GRCh38.p14_genomic_669.fna,1
./genomes/GCA_000001405.29_GRCh38.p14_genomic_502.fna,1
./genomes/GCA_000144625.1_ASM14462v1_genomic.fna,1
./genomes/GCA_900086585.1_PRJEB13931_genomic.fna,1
./genomes/GCA_005166025.1_ASM516602v1_genomic.fna,1
./genomes/GCA_000011385.1_ASM1138v1_genomic.fna,1
./genomes/GCA_019977375.1_ASM1997737v1_genomic.fna,1
./genomes/GCA_001886875.1_ASM188687v1_genomic.fna,1
./genomes/GCA_013874375.1_ASM1387437v1_genomic.fna,1
./genomes/GCA_016904755.2_ASM1690475v2_genomic.fna,1
./genomes/GCA_000244875.1_ASM24487v1_genomic.fna,1
./genomes/GCA_001274935.1_ASM127493v1_genomic.fna,1
./genomes/GCA_000001405.29_GRCh38.p14_genomic_675.fna,1
./genomes/GCA_900130055.1_IMG-taxon_2585428084_annotated_assembly_genomic.fna,1
./genomes/GCA_000001405.29_GRCh38.p14_genomic_663.fna,1
./genomes/GCA_902709585.2_H1-003-0086-C-F.v2_genomic.fna,1
./genomes/GCA_019884785.1_ASM1988478v1_genomic.fna,1
./genomes/GCA_018582665.1_ASM1858266v1_genomic.fna,1
./genomes/GCA_020524265.1_ASM2052426v1_genomic.fna,1
./genomes/GCA_901905185.2_MicrobesNG_genomic.fna,1
./genomes/GCA_002891025.1_ASM289102v1_genomic.fna,1
./genomes/GCA_001932995.2_ASM193299v2_genomic.fna,1
./genomes/GCA_002953135.1_ASM295313v1_genomic.fna,1
./genomes/GCA_004328515.1_ASM432851v1_genomic.fna,1
./genomes/GCA_002285635.2_ASM228563v2_genomic.fna,1
./genomes/GCA_009818105.1_ASM981810v1_genomic.fna,1
./genomes/GCA_900537995.1_Roseburia_intestinalis_strain_L1-82_genomic.fna,1
./genomes/GCA_000179635.2_ASM17963v2_genomic.fna,1
./genomes/GCA_000253375.1_ASM25337v1_genomic.fna,1
./genomes/GCA_900475405.1_44087_C01_genomic.fna,1
./genomes/GCA_002117105.1_ASM211710v1_genomic.fna,1
./genomes/GCA_021029445.1_ASM2102944v1_genomic.fna,1
./genomes/GCA_021266465.1_ASM2126646v1_genomic.fna,1
./genomes/GCA_020342335.1_ASM2034233v1_genomic.fna,1
./genomes/GCA_008728635.1_ASM872863v1_genomic.fna,1
./genomes/GCA_009665375.1_ASM966537v1_genomic.fna,1
./genomes/GCA_000807675.2_ASM80767v2_genomic.fna,1
./genomes/GCA_000145035.1_ASM14503v1_genomic.fna,1
./genomes/GCA_003151255.1_ASM315125v1_genomic.fna,1
./genomes/GCA_001905915.1_ASM190591v1_genomic.fna,1
./genomes/GCA_020736405.1_ASM2073640v1_genomic.fna,1
./genomes/GCA_015679285.1_ASM1567928v1_genomic.fna,1
./genomes/GCA_002951935.1_ASM295193v1_genomic.fna,1
./genomes/GCA_002993925.1_ASM299392v1_genomic.fna,1
./genomes/GCA_002770595.1_ASM277059v1_genomic.fna,1
./genomes/GCA_000834455.1_ASM83445v1_genomic.fna,1
./genomes/GCA_001856695.1_ASM185669v1_genomic.fna,1
./genomes/GCA_003570725.1_ASM357072v1_genomic.fna,1
./genomes/GCA_002441855.2_ASM244185v2_genomic.fna,1
./genomes/GCA_008033135.1_ASM803313v1_genomic.fna,1
./genomes/GCA_002215585.1_ASM221558v1_genomic.fna,1
./genomes/GCA_019464535.1_ASM1946453v1_genomic.fna,1
./genomes/GCA_000152245.2_ASM15224v2_genomic.fna,1
./genomes/GCA_006065115.1_ASM606511v1_genomic.fna,1
./genomes/GCA_000190575.1_ASM19057v1_genomic.fna,1
./genomes/GCA_011082085.1_ASM1108208v1_genomic.fna,1
./genomes/GCA_017498505.1_ASM1749850v1_genomic.fna,1
./genomes/GCA_000023445.1_ASM2344v1_genomic.fna,1
./genomes/GCA_000420285.1_ASM42028v1_genomic.fna,1
./genomes/GCA_003008555.2_ASM300855v2_genomic.fna,1
./genomes/GCA_000985635.1_5LC_genomic.fna,1
./genomes/GCA_020550085.1_ASM2055008v1_genomic.fna,1
./genomes/GCA_020450145.1_ASM2045014v1_genomic.fna,1
./genomes/GCA_000015045.1_ASM1504v1_genomic.fna,1
./genomes/GCA_016894205.1_ASM1689420v1_genomic.fna,1
./genomes/GCA_000009045.1_ASM904v1_genomic.fna,1
./genomes/GCA_001278755.1_ASM127875v1_genomic.fna,1
./genomes/GCA_001042715.1_ASM104271v1_genomic.fna,1
./genomes/GCA_002848445.1_ASM284844v1_genomic.fna,1
./genomes/GCA_003574965.1_ASM357496v1_genomic.fna,1
./genomes/GCA_009834925.2_ASM983492v2_genomic.fna,1
./genomes/GCA_015097275.1_ASM1509727v1_genomic.fna,1
./genomes/GCA_021390175.1_ASM2139017v1_genomic.fna,1
./genomes/GCA_020510565.1_ASM2051056v1_genomic.fna,1
./genomes/GCA_001999905.1_ASM199990v1_genomic.fna,1
./genomes/GCA_000218855.1_ASM21885v1_genomic.fna,1
./genomes/GCA_001577755.1_ASM157775v1_genomic.fna,1
./genomes/GCA_002097535.1_ASM209753v1_genomic.fna,1
./genomes/GCA_005491425.1_ASM549142v1_genomic.fna,1
./genomes/GCA_017348895.1_ASM1734889v1_genomic.fna,1
./genomes/GCA_022559225.1_ASM2255922v1_genomic.fna,1
./genomes/GCA_008180845.1_ASM818084v1_genomic.fna,1
./genomes/GCA_900683745.1_Paraprevotella_xylaniphila_82A6_genomic.fna,1
./genomes/GCA_020809405.1_ASM2080940v1_genomic.fna,1
./genomes/GCA_016888945.1_ASM1688894v1_genomic.fna,1
./genomes/GCA_018885085.1_ASM1888508v1_genomic.fna,1
./genomes/GCA_019263805.1_ASM1926380v1_genomic.fna,1
./genomes/GCA_000022065.1_ASM2206v1_genomic.fna,1
./genomes/GCA_000341395.1_ASM34139v1_genomic.fna,1
./genomes/GCA_022845715.1_ASM2284571v1_genomic.fna,1
./genomes/GCA_015500055.1_ASM1550005v1_genomic.fna,1
./genomes/GCA_009856445.1_ASM985644v1_genomic.fna,1
./genomes/GCA_001700985.1_ASM170098v1_genomic.fna,1
./genomes/GCA_002022145.1_ASM202214v1_genomic.fna,1
./genomes/GCA_000186225.1_ASM18622v1_genomic.fna,1
./genomes/GCA_010508875.1_ASM1050887v1_genomic.fna,1
./genomes/GCA_003096035.1_ASM309603v1_genomic.fna,1
./genomes/GCA_000215085.1_ASM21508v1_genomic.fna,1
./genomes/GCA_014287515.2_ASM1428751v2_genomic.fna,1
./genomes/GCA_000010265.1_ASM1026v1_genomic.fna,1
./genomes/GCA_014303955.1_ASM1430395v1_genomic.fna,1
./genomes/GCA_021561035.1_ASM2156103v1_genomic.fna,1
./genomes/GCA_000209655.1_ASM20965v1_genomic.fna,1
./genomes/GCA_020736365.1_ASM2073636v1_genomic.fna,1
./genomes/GCA_002849795.1_ASM284979v1_genomic.fna,1
./genomes/GCA_000063585.1_ASM6358v1_genomic.fna,1
./genomes/GCA_003468995.1_ASM346899v1_genomic.fna,1
./genomes/GCA_020091485.1_ASM2009148v1_genomic.fna,1
./genomes/GCA_019443425.1_ASM1944342v1_genomic.fna,1
./genomes/GCA_014337235.1_ASM1433723v1_genomic.fna,1
./genomes/GCA_000284415.2_ASM28441v2_genomic.fna,1
./genomes/GCA_018141165.1_ASM1814116v1_genomic.fna,1
./genomes/GCA_000191145.1_ASM19114v1_genomic.fna,1
./genomes/GCA_001831495.1_ASM183149v1_genomic.fna,1
./genomes/GCA_008195825.1_ASM819582v1_genomic.fna,1
./genomes/GCA_900289045.1_MPGL2_genomic.fna,1
./genomes/GCA_000146505.1_ASM14650v1_genomic.fna,1
./genomes/GCA_001696615.3_ASM169661v3_genomic.fna,1
./genomes/GCA_011404955.1_ASM1140495v1_genomic.fna,1
./genomes/GCA_004564135.1_ASM456413v1_genomic.fna,1
./genomes/GCA_014931565.1_ASM1493156v1_genomic.fna,1
./genomes/GCA_003999335.1_ASM399933v1_genomic.fna,1
./genomes/GCA_000746025.2_ASM74602v2_genomic.fna,1
./genomes/GCA_006351925.1_ASM635192v1_genomic.fna,1
./genomes/GCA_001687565.2_ASM168756v2_genomic.fna,1
./genomes/GCA_002201475.1_ASM220147v1_genomic.fna,1
./genomes/GCA_005844135.1_ASM584413v1_genomic.fna,1
./genomes/GCA_009792295.1_ASM979229v1_genomic.fna,1
./genomes/GCA_002224645.1_ASM222464v1_genomic.fna,1
./genomes/GCA_009717905.1_ASM971790v1_genomic.fna,1
./genomes/GCA_022024055.1_ASM2202405v1_genomic.fna,1
./genomes/GCA_003111765.1_ASM311176v1_genomic.fna,1
./genomes/GCA_004103715.1_ASM410371v1_genomic.fna,1
./genomes/GCA_018491655.1_ASM1849165v1_genomic.fna,1
./genomes/GCA_003073375.1_ASM307337v1_genomic.fna,1
./genomes/GCA_001679665.1_ASM167966v1_genomic.fna,1
./genomes/GCA_005848555.1_ASM584855v1_genomic.fna,1
./genomes/GCA_900095795.1_E5A_genomic.fna,1
./genomes/GCA_000331025.1_ASM33102v1_genomic.fna,1
./genomes/GCA_008329945.1_ASM832994v1_genomic.fna,1
./genomes/GCA_001553605.1_ASM155360v1_genomic.fna,1
./genomes/GCA_014467015.1_ASM1446701v1_genomic.fna,1
./genomes/GCA_004803915.1_ASM480391v1_genomic.fna,1
./genomes/GCA_013403565.1_ASM1340356v1_genomic.fna,1
./genomes/GCA_900624755.1_81E7_genomic.fna,1
./genomes/GCA_934924865.1_Tepidibacter_sp_8C15b_genomic.fna,1
./genomes/GCA_000012885.1_ASM1288v1_genomic.fna,1
./genomes/GCA_000015485.1_ASM1548v1_genomic.fna,1
./genomes/GCA_020911725.1_ASM2091172v1_genomic.fna,1
./genomes/GCA_000577895.1_M2_40_genomic.fna,1
./genomes/GCA_007301515.1_ASM730151v1_genomic.fna,1
./genomes/GCA_002998535.1_ASM299853v1_genomic.fna,1
./genomes/GCA_019734885.1_ASM1973488v1_genomic.fna,1
./genomes/GCA_000093085.1_ASM9308v1_genomic.fna,1
./genomes/GCA_902387955.1_UHGG_MGYG-HGUT-02517_genomic.fna,1
./genomes/GCA_005280655.1_ASM528065v1_genomic.fna,1
./genomes/GCA_002865995.1_ASM286599v1_genomic.fna,1
./genomes/GCA_001692755.1_ASM169275v1_genomic.fna,1
./genomes/GCA_000725365.1_ASM72536v1_genomic.fna,1
./genomes/GCA_005121165.3_ASM512116v3_genomic.fna,1
./genomes/GCA_013283835.1_ASM1328383v1_genomic.fna,1
./genomes/GCA_015558405.1_ASM1555840v1_genomic.fna,1
./genomes/GCA_003991135.1_ASM399113v1_genomic.fna,1
./genomes/GCA_017815575.1_ASM1781557v1_genomic.fna,1
./genomes/GCA_022869165.1_ASM2286916v1_genomic.fna,1
./genomes/GCA_020735445.1_ASM2073544v1_genomic.fna,1
./genomes/GCA_009831375.1_ASM983137v1_genomic.fna,1
./genomes/GCA_002159895.1_ASM215989v1_genomic.fna,1
./genomes/GCA_016728785.1_ASM1672878v1_genomic.fna,1
./genomes/GCA_003019675.1_ASM301967v1_genomic.fna,1
./genomes/GCA_004785625.2_ASM478562v2_genomic.fna,1
./genomes/GCA_900538275.1_PRJNA448822_chromosome_genomic.fna,1
./genomes/GCA_015159595.1_ASM1515959v1_genomic.fna,1
./genomes/GCA_010120715.1_ASM1012071v1_genomic.fna,1
./genomes/GCA_023008305.1_ASM2300830v1_genomic.fna,1
./genomes/GCA_006542645.1_Aond_1.0_genomic.fna,1
./genomes/GCA_002072065.1_ASM207206v1_genomic.fna,1
./genomes/GCA_001753085.1_ASM175308v1_genomic.fna,1
./genomes/GCA_001735765.2_ASM173576v2_genomic.fna,1
./genomes/GCA_900120345.1_PRJEB18024_genomic.fna,1
./genomes/GCA_014352875.1_ASM1435287v1_genomic.fna,1
./genomes/GCA_021378605.1_ASM2137860v1_genomic.fna,1
./genomes/GCA_022024215.1_ASM2202421v1_genomic.fna,1
./genomes/GCA_902702915.1_DESU86_PRJEB35237_v1_genomic.fna,1
./genomes/GCA_016939435.1_ASM1693943v1_genomic.fna,1
./genomes/GCA_013305055.1_ASM1330505v1_genomic.fna,1
./genomes/GCA_010093235.1_ASM1009323v1_genomic.fna,1
./genomes/GCA_014395425.1_ASM1439542v1_genomic.fna,1
./genomes/GCA_004803695.1_ASM480369v1_genomic.fna,1
./genomes/GCA_900141825.1_IMG-taxon_2585428087_annotated_assembly_genomic.fna,1
./genomes/GCA_000157355.2_ASM15735v2_genomic.fna,1
./genomes/GCA_018866245.1_ASM1886624v1_genomic.fna,1
./genomes/GCA_003468475.1_ASM346847v1_genomic.fna,1
./genomes/GCA_018408705.1_ASM1840870v1_genomic.fna,1
./genomes/GCA_003606265.1_ASM360626v1_genomic.fna,1
./genomes/GCA_003340385.1_ASM334038v1_genomic.fna,1
./genomes/GCA_002204835.1_ASM220483v1_genomic.fna,1
./genomes/GCA_000424065.1_ASM42406v1_genomic.fna,1
./genomes/GCA_001858005.1_ASM185800v1_genomic.fna,1
./genomes/GCA_001050115.1_ASM105011v1_genomic.fna,1
./genomes/GCA_902386925.1_UHGG_MGYG-HGUT-02413_genomic.fna,1
./genomes/GCA_016904155.1_ASM1690415v1_genomic.fna,1
./genomes/GCA_002081995.1_ASM208199v1_genomic.fna,1
./genomes/GCA_002998435.1_ASM299843v1_genomic.fna,1
./genomes/GCA_016745095.1_ASM1674509v1_genomic.fna,1
./genomes/GCA_015548275.1_ASM1554827v1_genomic.fna,1
./genomes/GCA_013265585.1_ASM1326558v1_genomic.fna,1
./genomes/GCA_001444425.1_ASM144442v1_genomic.fna,1
./genomes/GCA_019856495.1_ASM1985649v1_genomic.fna,1
./genomes/GCA_009676955.1_ASM967695v1_genomic.fna,1
./genomes/GCA_010669305.1_ASM1066930v1_genomic.fna,1
./genomes/GCA_018128325.1_ASM1812832v1_genomic.fna,1
./genomes/GCA_020892115.1_ASM2089211v1_genomic.fna,1
./genomes/GCA_900168255.1_B431_genomic.fna,1
./genomes/GCA_004103755.1_ASM410375v1_genomic.fna,1
./genomes/GCA_001688845.2_ASM168884v2_genomic.fna,1
./genomes/GCA_006542665.1_Acom_1.0_genomic.fna,1
./genomes/GCA_018228705.1_ASM1822870v1_genomic.fna,1
./genomes/GCA_003287895.1_ASM328789v1_genomic.fna,1
./genomes/GCA_900638245.1_56772_F02_genomic.fna,1
./genomes/GCA_020181435.1_ASM2018143v1_genomic.fna,1
./genomes/GCA_020138775.1_ASM2013877v1_genomic.fna,1
./genomes/GCA_009650015.1_ASM965001v1_genomic.fna,1
./genomes/GCA_900604385.1_PRJEB28786_genomic.fna,1
./genomes/GCA_001262015.1_ASM126201v1_genomic.fna,1
./genomes/GCA_000355765.4_ASM35576v4_genomic.fna,1
./genomes/GCA_003441615.1_ASM344161v1_genomic.fna,1
./genomes/GCA_003324675.1_ASM332467v1_genomic.fna,1
./genomes/GCA_003435335.1_ASM343533v1_genomic.fna,1
./genomes/GCA_003269405.1_ASM326940v1_genomic.fna,1
./genomes/GCA_018228665.1_ASM1822866v1_genomic.fna,1
./genomes/GCA_009649955.1_ASM964995v1_genomic.fna,1
./genomes/GCA_008807395.1_ASM880739v1_genomic.fna,1
./genomes/GCA_001189515.2_ASM118951v2_genomic.fna,1
./genomes/GCA_003925875.1_ASM392587v1_genomic.fna,1
./genomes/GCA_001991075.2_ASM199107v2_genomic.fna,1
./genomes/GCA_019316905.1_ASM1931690v1_genomic.fna,1
./genomes/GCA_001940005.1_ASM194000v1_genomic.fna,1
./genomes/GCA_016127955.1_ASM1612795v1_genomic.fna,1
./genomes/GCA_000144405.1_ASM14440v1_genomic.fna,1
./genomes/GCA_900637575.1_52006_A02_genomic.fna,1
./genomes/GCA_001042635.1_ASM104263v1_genomic.fna,1
./genomes/GCA_000092945.1_ASM9294v1_genomic.fna,1
./genomes/GCA_016127855.1_ASM1612785v1_genomic.fna,1
./genomes/GCA_900637165.1_49699_G02_genomic.fna,1
./genomes/GCA_022701195.1_ASM2270119v1_genomic.fna,1
./genomes/GCA_000260985.3_ASM26098v3_genomic.fna,1
./genomes/GCA_001642655.1_ASM164265v1_genomic.fna,1
./genomes/GCA_900637635.1_52313_A01_genomic.fna,1
./genomes/GCA_000270285.1_ASM27028v1_genomic.fna,1
./genomes/GCA_000018325.1_ASM1832v1_genomic.fna,1
./genomes/GCA_000210595.1_ASM21059v1_genomic.fna,1
./genomes/GCA_001561955.1_ASM156195v1_genomic.fna,1
./genomes/GCA_012317385.1_ASM1231738v1_genomic.fna,1
./genomes/GCA_000210695.1_ASM21069v1_genomic.fna,1
./genomes/GCA_020735705.1_ASM2073570v1_genomic.fna,1
./genomes/GCA_000299355.1_ASM29935v1_genomic.fna,1
./genomes/GCA_018406465.1_ASM1840646v1_genomic.fna,1
./genomes/GCA_017301615.1_ASM1730161v1_genomic.fna,1
./genomes/GCA_010509575.1_ASM1050957v1_genomic.fna,1
./genomes/GCA_015775515.1_ASM1577551v1_genomic.fna,1
./genomes/GCA_000376665.1_ASM37666v1_genomic.fna,1
./genomes/GCA_014163495.1_ASM1416349v1_genomic.fna,1
./genomes/GCA_002165255.2_ASM216525v2_genomic.fna,1
./genomes/GCA_017751225.1_ASM1775122v1_genomic.fna,1
./genomes/GCA_000512915.1_ASM51291v1_genomic.fna,1
./genomes/GCA_002222595.2_ASM222259v2_genomic.fna,1
./genomes/GCA_009796305.1_ASM979630v1_genomic.fna,1
./genomes/GCA_020892095.1_ASM2089209v1_genomic.fna,1
./genomes/GCA_001404635.1_13414_6_35_genomic.fna,1
./genomes/GCA_018223625.1_ASM1822362v1_genomic.fna,1
./genomes/GCA_016724805.1_ASM1672480v1_genomic.fna,1
./genomes/GCA_018127985.1_ASM1812798v1_genomic.fna,1
./genomes/GCA_009557455.1_ASM955745v1_genomic.fna,1
./genomes/GCA_003033925.1_ASM303392v1_genomic.fna,1
./genomes/GCA_003020045.1_ASM302004v1_genomic.fna,1
./genomes/GCA_018128285.1_ASM1812828v1_genomic.fna,1
./genomes/GCA_014467055.1_ASM1446705v1_genomic.fna,1
./genomes/GCA_000212915.1_ASM21291v1_genomic.fna,1
./genomes/GCA_018127765.1_ASM1812776v1_genomic.fna,1
./genomes/GCA_002277935.1_ASM227793v1_genomic.fna,1
./genomes/GCA_900105445.1_IMG-taxon_2634166844_annotated_assembly_genomic.fna,1
./genomes/GCA_002163855.1_ASM216385v1_genomic.fna,1
./genomes/GCA_003312465.1_ASM331246v1_genomic.fna,1
./genomes/GCA_003628755.1_ASM362875v1_genomic.fna,1
./genomes/GCA_000723465.1_Rb803_genomic.fna,1
./genomes/GCA_003470435.1_ASM347043v1_genomic.fna,1
./genomes/GCA_006542685.1_Adis_1.0_genomic.fna,1
./genomes/GCA_900074625.1_PRJEB12936_genomic.fna,1
./genomes/GCA_001997385.1_ASM199738v1_genomic.fna,1
./genomes/GCA_003202935.1_ASM320293v1_genomic.fna,1
./genomes/GCA_006151905.1_ASM615190v1_genomic.fna,1
./genomes/GCA_000024185.1_ASM2418v1_genomic.fna,1
./genomes/GCA_000934545.1_ASM93454v1_genomic.fna,1
./genomes/GCA_000763515.1_ASM76351v1_genomic.fna,1
./genomes/GCA_009734005.2_ASM973400v2_genomic.fna,1
./genomes/GCA_008727735.1_ASM872773v1_genomic.fna,1
./genomes/GCA_011405655.1_ASM1140565v1_genomic.fna,1
./genomes/GCA_022174665.1_ASM2217466v1_genomic.fna,1
./genomes/GCA_002327205.1_ASM232720v1_genomic.fna,1
./genomes/GCA_016696765.1_ASM1669676v1_genomic.fna,1
./genomes/GCA_009731575.1_ASM973157v1_genomic.fna,1
./genomes/GCA_000001405.29_GRCh38.p14_genomic_588.fna,1
./genomes/GCA_000007625.1_ASM762v1_genomic.fna,1
./genomes/GCA_902373865.1_MGYG-HGUT-01321_genomic.fna,1
./genomes/GCA_000393015.1_Ente_faec_T5_V1_genomic.fna,1
./genomes/GCA_015097455.1_ASM1509745v1_genomic.fna,1
./genomes/GCA_002285495.1_ASM228549v1_genomic.fna,1
./genomes/GCA_000478885.1_ASM47888v1_genomic.fna,1
./genomes/GCA_002209165.2_ASM220916v2_genomic.fna,1
./genomes/GCA_000284835.1_UreThermo-BF_genomic.fna,1
./genomes/GCA_002278015.2_ASM227801v2_genomic.fna,1
./genomes/GCA_000270305.1_ASM27030v1_genomic.fna,1
./genomes/GCA_000146185.1_ASM14618v1_genomic.fna,1
./genomes/GCA_014334055.1_ASM1433405v1_genomic.fna,1
./genomes/GCA_900187315.1_52087_C01_genomic.fna,1
./genomes/GCA_003589745.1_ASM358974v1_genomic.fna,1
./genomes/GCA_003718715.1_ASM371871v1_genomic.fna,1
./genomes/GCA_000014765.1_ASM1476v1_genomic.fna,1
./genomes/GCA_001005905.1_ASM100590v1_genomic.fna,1
./genomes/GCA_002952055.1_ASM295205v1_genomic.fna,1
./genomes/GCA_900312975.1_PRJEB24953_genomic.fna,1
./genomes/GCA_002763715.1_ASM276371v1_genomic.fna,1
./genomes/GCA_002874775.1_ASM287477v1_genomic.fna,1
./genomes/GCA_014489515.1_ASM1448951v1_genomic.fna,1
./genomes/GCA_900638015.1_54984_A01_genomic.fna,1
./genomes/GCA_019711355.1_ASM1971135v1_genomic.fna,1
./genomes/GCA_901482605.1_45532_E01_genomic.fna,1
./genomes/GCA_000455225.1_Megasphaera_massiliensis_genomic.fna,1
./genomes/GCA_016117655.1_ASM1611765v1_genomic.fna,1
./genomes/GCA_022701175.1_ASM2270117v1_genomic.fna,1
./genomes/GCA_000413035.1_Trep_medi_ATCC_700293_V1_genomic.fna,1
./genomes/GCA_022845615.1_ASM2284561v1_genomic.fna,1
./genomes/GCA_014279975.1_ASM1427997v1_genomic.fna,1
./genomes/GCA_900637985.1_54949_H01_genomic.fna,1
./genomes/GCA_001922405.1_ASM192240v1_genomic.fna,1
./genomes/GCA_900458255.1_44343_D01_genomic.fna,1
./genomes/GCA_003718735.1_ASM371873v1_genomic.fna,1
./genomes/GCA_022869825.1_ASM2286982v1_genomic.fna,1
./genomes/GCA_022846135.1_ASM2284613v1_genomic.fna,1
./genomes/GCA_000195575.1_ASM19557v1_genomic.fna,1
./genomes/GCA_000001405.29_GRCh38.p14_genomic_582.fna,1
./genomes/GCA_017893965.1_ASM1789396v1_genomic.fna,1
./genomes/GCA_003367905.1_ASM336790v1_genomic.fna,1
./genomes/GCA_021497505.1_ASM2149750v1_genomic.fna,1
./genomes/GCA_001717565.1_ASM171756v1_genomic.fna,1
./genomes/GCA_015708635.1_ASM1570863v1_genomic.fna,1
./genomes/GCA_000165795.1_ASM16579v1_genomic.fna,1
./genomes/GCA_001543345.1_ASM154334v1_genomic.fna,1
./genomes/GCA_009184705.1_ASM918470v1_genomic.fna,1
./genomes/GCA_900070325.1_SD1D_genomic.fna,1
./genomes/GCA_001586235.1_ASM158623v1_genomic.fna,1
./genomes/GCA_003966625.1_ASM396662v1_genomic.fna,1
./genomes/GCA_900015215.1_CRIB_assembly_V1_genomic.fna,1
./genomes/GCA_000210095.1_ASM21009v1_genomic.fna,1
./genomes/GCA_000208405.1_ASM20840v1_genomic.fna,1
./genomes/GCA_003006415.1_ASM300641v1_genomic.fna,1
./genomes/GCA_019444005.1_ASM1944400v1_genomic.fna,1
./genomes/GCA_018408575.1_ASM1840857v1_genomic.fna,1
./genomes/GCA_001676805.1_ASM167680v1_genomic.fna,1
./genomes/GCA_001564455.1_ASM156445v1_genomic.fna,1
./genomes/GCA_015140235.1_ASM1514023v1_genomic.fna,1
./genomes/GCA_000189775.3_ASM18977v3_genomic.fna,1
./genomes/GCA_001971585.1_ASM197158v1_genomic.fna,1
./genomes/GCA_001889025.1_ASM188902v1_genomic.fna,1
./genomes/GCA_008151785.1_ASM815178v1_genomic.fna,1
./genomes/GCA_001545095.1_ASM154509v1_genomic.fna,1
./genomes/GCA_018326305.1_ASM1832630v1_genomic.fna,1
./genomes/GCA_002208805.2_ASM220880v2_genomic.fna,1
./genomes/GCA_003614235.1_ASM361423v1_genomic.fna,1
./genomes/GCA_014058425.1_ASM1405842v1_genomic.fna,1
./genomes/GCA_000772365.1_ASM77236v1_genomic.fna,1
./genomes/GCA_010537335.1_ASM1053733v1_genomic.fna,1
./genomes/GCA_002127965.1_ASM212796v1_genomic.fna,1
./genomes/GCA_020735465.1_ASM2073546v1_genomic.fna,1
./genomes/GCA_001554015.1_ASM155401v1_genomic.fna,1
./genomes/GCA_900445025.1_51670_G01_genomic.fna,1
./genomes/GCA_001457555.1_NCTC10562_genomic.fna,1
./genomes/GCA_003945365.1_PFJ30894_01_genomic.fna,1
./genomes/GCA_900459045.1_41975_B01_genomic.fna,1
./genomes/GCA_001643775.1_ASM164377v1_genomic.fna,1
./genomes/GCA_001274535.1_ASM127453v1_genomic.fna,1
./genomes/GCA_005601135.1_ASM560113v1_genomic.fna,1
./genomes/GCA_000166335.1_ASM16633v1_genomic.fna,1
./genomes/GCA_000468955.1_ASM46895v1_genomic.fna,1
./genomes/GCA_020463755.1_ASM2046375v1_genomic.fna,1
./genomes/GCA_001281425.1_ASM128142v1_genomic.fna,1
./genomes/GCA_900604345.1_PRJEB24952_genomic.fna,1
./genomes/GCA_900474605.1_41594_C01_genomic.fna,1
./genomes/GCA_014396385.1_ASM1439638v1_genomic.fna,1
./genomes/GCA_000829395.1_ASM82939v1_genomic.fna,1
./genomes/GCA_017968825.1_ASM1796882v1_genomic.fna,1
./genomes/GCA_000196555.1_ASM19655v1_genomic.fna,1
./genomes/GCA_017310545.1_ASM1731054v1_genomic.fna,1
./genomes/GCA_000001405.29_GRCh38.p14_genomic_364.fna,1
./genomes/GCA_000010505.1_ASM1050v1_genomic.fna,1
./genomes/GCA_900105025.1_IMG-taxon_2636416177_annotated_assembly_genomic.fna,1
./genomes/GCA_014250475.1_ASM1425047v1_genomic.fna,1
./genomes/GCA_011299095.1_ASM1129909v1_genomic.fna,1
./genomes/GCA_000612055.1_ASM61205v1_genomic.fna,1
./genomes/GCA_900636915.1_45532_F02_genomic.fna,1
./genomes/GCA_000448565.1_HSISM1_1.0_genomic.fna,1
./genomes/GCA_000025305.1_ASM2530v1_genomic.fna,1
./genomes/GCA_017352235.1_ASM1735223v1_genomic.fna,1
./genomes/GCA_019974115.1_ASM1997411v1_genomic.fna,1
./genomes/GCA_002736145.1_ASM273614v1_genomic.fna,1
./genomes/GCA_002795825.1_ASM279582v1_genomic.fna,1
./genomes/GCA_000191105.1_ASM19110v1_genomic.fna,1
./genomes/GCA_001267255.1_ASM126725v1_genomic.fna,1
./genomes/GCA_003288115.1_ASM328811v1_genomic.fna,1
./genomes/GCA_014279775.1_ASM1427977v1_genomic.fna,1
./genomes/GCA_000585195.1_Arcobacter_lanthierii_AF1581_genomic.fna,1
./genomes/GCA_014905095.1_ASM1490509v1_genomic.fna,1
./genomes/GCA_000175615.1_ASM17561v1_genomic.fna,1
./genomes/GCA_020541885.1_ASM2054188v1_genomic.fna,1
./genomes/GCA_020097095.1_ASM2009709v1_genomic.fna,1
./genomes/GCA_000273525.1_PB_Bifi_bifi_NCIMB_41171_V1_genomic.fna,1
./genomes/GCA_001071155.1_ASM107115v1_genomic.fna,1
./genomes/GCA_001543285.1_ASM154328v1_genomic.fna,1
./genomes/GCA_003030905.1_ASM303090v1_genomic.fna,1
./genomes/GCA_901544385.1_42912_F01_genomic.fna,1
./genomes/GCA_902858935.1_Ssal_L25_genomic.fna,1
./genomes/GCA_900186995.1_50465_A02_genomic.fna,1
./genomes/GCA_001553685.1_ASM155368v1_genomic.fna,1
./genomes/GCA_900119915.1_PRJEB16351_genomic.fna,1
./genomes/GCA_018128225.1_ASM1812822v1_genomic.fna,1
./genomes/GCA_000026745.1_ASM2674v1_genomic.fna,1
./genomes/GCA_015277515.1_ASM1527751v1_genomic.fna,1
./genomes/GCA_020785475.1_ASM2078547v1_genomic.fna,1
./genomes/GCA_010993845.2_ASM1099384v2_genomic.fna,1
./genomes/GCA_008330805.1_ASM833080v1_genomic.fna,1
./genomes/GCA_900637075.1_48128_D02_genomic.fna,1
./genomes/GCA_018127725.1_ASM1812772v1_genomic.fna,1
./genomes/GCA_900636885.1_44927_H01_genomic.fna,1
./genomes/GCA_001243975.1_Lactobacillus_agilis_genomic.fna,1
./genomes/GCA_008727815.1_ASM872781v1_genomic.fna,1
./genomes/GCA_000191405.1_ASM19140v1_genomic.fna,1
./genomes/GCA_000159375.2_ASM15937v2_genomic.fna,1
./genomes/GCA_003660105.1_ASM366010v1_genomic.fna,1
./genomes/GCA_014634885.1_ASM1463488v1_genomic.fna,1
./genomes/GCA_000092505.1_ASM9250v1_genomic.fna,1
./genomes/GCA_000001405.29_GRCh38.p14_genomic_264.fna,1
./genomes/GCA_002355215.1_ASM235521v1_genomic.fna,1
./genomes/GCA_000785105.2_ASM78510v2_genomic.fna,1
./genomes/GCA_016313225.1_ASM1631322v1_genomic.fna,1
./genomes/GCA_016026695.1_ASM1602669v1_genomic.fna,1
./genomes/GCA_001025195.1_ASM102519v1_genomic.fna,1
./genomes/GCA_000300915.1_ASM30091v1_genomic.fna,1
./genomes/GCA_905113025.1_As-46-U14_genomic.fna,1
./genomes/GCA_015689215.1_ASM1568921v1_genomic.fna,1
./genomes/GCA_000143845.1_ASM14384v1_genomic.fna,1
./genomes/GCA_013267415.1_ASM1326741v1_genomic.fna,1
./genomes/GCA_015689455.1_ASM1568945v1_genomic.fna,1
./genomes/GCA_001263715.1_ASM126371v1_genomic.fna,1
./genomes/GCA_900094615.1_ASM90009461v1_genomic.fna,1
./genomes/GCA_016127995.1_ASM1612799v1_genomic.fna,1
./genomes/GCA_022026155.1_ASM2202615v1_genomic.fna,1
./genomes/GCA_001025155.1_ASM102515v1_genomic.fna,1
./genomes/GCA_000021285.1_ASM2128v1_genomic.fna,1
./genomes/GCA_014841035.1_ASM1484103v1_genomic.fna,1
./genomes/GCA_900636505.1_42650_H02_genomic.fna,1
./genomes/GCA_023167265.1_ASM2316726v1_genomic.fna,1
./genomes/GCA_900155645.1_Propionibacterium_massiliense_genomic.fna,1
./genomes/GCA_900143685.1_PRJEB18025_genomic.fna,1
./genomes/GCA_900475445.1_42727_F01_genomic.fna,1
./genomes/GCA_013315815.1_ASM1331581v1_genomic.fna,1
./genomes/GCA_000814825.1_ASM81482v1_genomic.fna,1
./genomes/GCA_019931005.1_ASM1993100v1_genomic.fna,1
./genomes/GCA_009734185.1_ASM973418v1_genomic.fna,1
./genomes/GCA_020590155.1_ASM2059015v1_genomic.fna,1
./genomes/GCA_900477945.1_45473_H02_genomic.fna,1
./genomes/GCA_900637025.1_46338_H01_genomic.fna,1
./genomes/GCA_000163895.2_ASM16389v2_genomic.fna,1
./genomes/GCA_000001405.29_GRCh38.p14_genomic_372.fna,1
./genomes/GCA_900638055.1_55147_A01_genomic.fna,1
./genomes/GCA_001412635.1_ASM141263v1_genomic.fna,1
./genomes/GCA_000960005.1_ASM96000v1_genomic.fna,1
./genomes/GCA_016599815.1_ASM1659981v1_genomic.fna,1
./genomes/GCA_016127475.1_ASM1612747v1_genomic.fna,1
./genomes/GCA_900120245.1_PRJEB17949_genomic.fna,1
./genomes/GCA_001888925.1_ASM188892v1_genomic.fna,1
./genomes/GCA_900660745.1_57728_G01-3_genomic.fna,1
./genomes/GCA_002966535.1_ASM296653v1_genomic.fna,1
./genomes/GCA_001587175.1_ASM158717v1_genomic.fna,1
./genomes/GCA_000001405.29_GRCh38.p14_genomic_45.fna,1
./genomes/GCA_003173695.1_ASM317369v1_genomic.fna,1
./genomes/GCA_001434365.1_ASM143436v1_genomic.fna,1
./genomes/GCA_000931575.1_ASM93157v1_genomic.fna,1
./genomes/GCA_000156415.1_ASM15641v1_genomic.fna,1
./genomes/GCA_002243135.1_ASM224313v1_genomic.fna,1
./genomes/GCA_001298465.1_ASM129846v1_genomic.fna,1
./genomes/GCA_000001405.29_GRCh38.p14_genomic_592.fna,1
./genomes/GCA_900095285.1_NG8563_Fusobacterium_sp_nov_lib123407_HGAP3_genomic.fna,1
./genomes/GCA_002161475.1_ASM216147v1_genomic.fna,1
./genomes/GCA_002998925.1_ASM299892v1_genomic.fna,1
./genomes/GCA_000025225.2_ASM2522v1_genomic.fna,1
./genomes/GCA_900102715.1_IMG-taxon_2608642168_annotated_assembly_genomic.fna,1
./genomes/GCA_003966955.1_ASM396695v1_genomic.fna,1
./genomes/GCA_009730295.1_ASM973029v1_genomic.fna,1
./genomes/GCA_900475675.1_45473_D02_genomic.fna,1
./genomes/GCA_903886475.1_Streptococcus_thermophilus_CIRM_65_genomic.fna,1
./genomes/GCA_002998295.1_ASM299829v1_genomic.fna,1
./genomes/GCA_009730315.1_ASM973031v1_genomic.fna,1
./genomes/GCA_000015085.1_ASM1508v1_genomic.fna,1
./genomes/GCA_013394695.1_ASM1339469v1_genomic.fna,1
./genomes/GCA_900475035.1_41965_F01_genomic.fna,1
./genomes/GCA_003932735.1_ASM393273v1_genomic.fna,1
./genomes/GCA_018889955.1_ASM1888995v1_genomic.fna,1
./genomes/GCA_003454775.1_ASM345477v1_genomic.fna,1
./genomes/GCA_000009085.1_ASM908v1_genomic.fna,1
./genomes/GCA_000001405.29_GRCh38.p14_genomic_497.fna,1
./genomes/GCA_000001405.29_GRCh38.p14_genomic_196.fna,1
./genomes/GCA_016812035.1_ASM1681203v1_genomic.fna,1
./genomes/GCA_001687475.2_ASM168747v2_genomic.fna,1
./genomes/GCA_000283555.1_ASM28355v1_genomic.fna,1
./genomes/GCA_000001405.29_GRCh38.p14_genomic_569.fna,1
./genomes/GCA_900445305.1_58174_B01_genomic.fna,1
./genomes/GCA_900169485.1_PRJEB19959_genomic.fna,1
./genomes/GCA_000699505.1_ASM69950v1_genomic.fna,1
./genomes/GCA_000001405.29_GRCh38.p14_genomic_655.fna,1
./genomes/GCA_001702115.1_ASM170211v1_genomic.fna,1
./genomes/GCA_000001405.29_GRCh38.p14_genomic_571.fna,1
./genomes/GCA_000971765.1_ASM97176v1_genomic.fna,1
./genomes/GCA_000001405.29_GRCh38.p14_genomic_367.fna,1
./genomes/GCA_000001405.29_GRCh38.p14_genomic_640.fna,1
./genomes/GCA_000400935.1_ASM40093v1_genomic.fna,1
./genomes/GCA_000001405.29_GRCh38.p14_genomic_515.fna,1
./genomes/GCA_000001405.29_GRCh38.p14_genomic_670.fna,1
./genomes/GCA_000001405.29_GRCh38.p14_genomic_682.fna,1
./genomes/GCA_000001405.29_GRCh38.p14_genomic_673.fna,1
./genomes/GCA_000001405.29_GRCh38.p14_genomic_666.fna,1
./genomes/GCA_000001405.29_GRCh38.p14_genomic_335.fna,1
./genomes/GCA_000001405.29_GRCh38.p14_genomic_422.fna,1
./genomes/GCA_000001405.29_GRCh38.p14_genomic_676.fna,1
./genomes/GCA_000001405.29_GRCh38.p14_genomic_614.fna,1
./genomes/GCA_000001405.29_GRCh38.p14_genomic_679.fna,1
./genomes/GCA_000001405.29_GRCh38.p14_genomic_522.fna,1
./genomes/GCA_000001405.29_GRCh38.p14_genomic_223.fna,1
./genomes/GCA_001318295.1_ASM131829v1_genomic.fna,1
./genomes/GCA_000001405.29_GRCh38.p14_genomic_456.fna,1
./genomes/GCA_000001405.29_GRCh38.p14_genomic_506.fna,1
./genomes/GCA_000001405.29_GRCh38.p14_genomic_445.fna,1
./genomes/GCA_000001405.29_GRCh38.p14_genomic_210.fna,1
./genomes/GCA_900660525.1_50861_G01-3_genomic.fna,1
./genomes/GCA_000001405.29_GRCh38.p14_genomic_681.fna,1
./genomes/GCA_000008305.1_ASM830v1_genomic.fna,1
./genomes/GCA_022819385.1_ASM2281938v1_genomic.fna,1
./genomes/GCA_000001405.29_GRCh38.p14_genomic_658.fna,1
./genomes/GCA_000001405.29_GRCh38.p14_genomic_357.fna,1
./genomes/GCA_000001405.29_GRCh38.p14_genomic_358.fna,1
./genomes/GCA_000001405.29_GRCh38.p14_genomic_288.fna,1
./genomes/GCA_000001405.29_GRCh38.p14_genomic_272.fna,1
./genomes/GCA_000001405.29_GRCh38.p14_genomic_524.fna,1
./genomes/GCA_000001405.29_GRCh38.p14_genomic_443.fna,1
./genomes/GCA_000001405.29_GRCh38.p14_genomic_287.fna,1
./genomes/GCA_000001405.29_GRCh38.p14_genomic_485.fna,1
./genomes/GCA_000001405.29_GRCh38.p14_genomic_648.fna,1
./genomes/GCA_000001405.29_GRCh38.p14_genomic_302.fna,1
./genomes/GCA_000001405.29_GRCh38.p14_genomic_662.fna,1
./genomes/GCA_000001405.29_GRCh38.p14_genomic_205.fna,1
./genomes/GCA_000001405.29_GRCh38.p14_genomic_337.fna,1
./genomes/GCA_000001405.29_GRCh38.p14_genomic_382.fna,1
./genomes/GCA_000001405.29_GRCh38.p14_genomic_226.fna,1
./genomes/GCA_000001405.29_GRCh38.p14_genomic_228.fna,1
./genomes/GCA_000001405.29_GRCh38.p14_genomic_420.fna,1
./genomes/GCA_000001405.29_GRCh38.p14_genomic_207.fna,1
./genomes/GCA_000001405.29_GRCh38.p14_genomic_271.fna,1
./genomes/GCA_000001405.29_GRCh38.p14_genomic_225.fna,1
./genomes/GCA_000001405.29_GRCh38.p14_genomic_399.fna,1
./genomes/GCA_000001405.29_GRCh38.p14_genomic_219.fna,1
./genomes/GCA_000001405.29_GRCh38.p14_genomic_304.fna,1
./genomes/GCA_000001405.29_GRCh38.p14_genomic_221.fna,1
./genomes/GCA_000001405.29_GRCh38.p14_genomic_371.fna,1
./genomes/GCA_000001405.29_GRCh38.p14_genomic_572.fna,1
./genomes/GCA_000001405.29_GRCh38.p14_genomic_235.fna,1
./genomes/GCA_000001405.29_GRCh38.p14_genomic_248.fna,1
./genomes/GCA_000001405.29_GRCh38.p14_genomic_286.fna,1
./genomes/GCA_000001405.29_GRCh38.p14_genomic_194.fna,1
./genomes/GCA_000001405.29_GRCh38.p14_genomic_284.fna,1
./genomes/GCA_000001405.29_GRCh38.p14_genomic_425.fna,1
./genomes/GCA_000001405.29_GRCh38.p14_genomic_211.fna,1
./genomes/GCA_000001405.29_GRCh38.p14_genomic_307.fna,1
./genomes/GCA_000001405.29_GRCh38.p14_genomic_236.fna,1
./genomes/GCA_000001405.29_GRCh38.p14_genomic_43.fna,1
./genomes/GCA_000001405.29_GRCh38.p14_genomic_536.fna,1
./genomes/GCA_000001405.29_GRCh38.p14_genomic_317.fna,1
./genomes/GCA_000001405.29_GRCh38.p14_genomic_222.fna,1
./genomes/GCA_000001405.29_GRCh38.p14_genomic_578.fna,1
./genomes/GCA_000001405.29_GRCh38.p14_genomic_290.fna,1
./genomes/GCA_000001405.29_GRCh38.p14_genomic_457.fna,1
./genomes/GCA_000001405.29_GRCh38.p14_genomic_260.fna,1
./genomes/GCA_000001405.29_GRCh38.p14_genomic_308.fna,1
./genomes/GCA_000001405.29_GRCh38.p14_genomic_238.fna,1
./genomes/GCA_000001405.29_GRCh38.p14_genomic_424.fna,1
./genomes/GCA_000001405.29_GRCh38.p14_genomic_233.fna,1
./genomes/GCA_000001405.29_GRCh38.p14_genomic_346.fna,1
./genomes/GCA_000001405.29_GRCh38.p14_genomic_551.fna,1
./genomes/GCA_000001405.29_GRCh38.p14_genomic_394.fna,1
./genomes/GCA_000001405.29_GRCh38.p14_genomic_400.fna,1
./genomes/GCA_000001405.29_GRCh38.p14_genomic_440.fna,1
./genomes/GCA_000001405.29_GRCh38.p14_genomic_356.fna,1
./genomes/GCA_000001405.29_GRCh38.p14_genomic_362.fna,1
./genomes/GCA_000001405.29_GRCh38.p14_genomic_91.fna,1
./genomes/GCA_000001405.29_GRCh38.p14_genomic_586.fna,1
./genomes/GCA_000001405.29_GRCh38.p14_genomic_577.fna,1
./genomes/GCA_000001405.29_GRCh38.p14_genomic_608.fna,1
./genomes/GCA_000001405.29_GRCh38.p14_genomic_276.fna,1
./genomes/GCA_000001405.29_GRCh38.p14_genomic_639.fna,1
./genomes/GCA_000001405.29_GRCh38.p14_genomic_483.fna,1
./genomes/GCA_000001405.29_GRCh38.p14_genomic_585.fna,1
./genomes/GCA_000001405.29_GRCh38.p14_genomic_526.fna,1
./genomes/GCA_000001405.29_GRCh38.p14_genomic_237.fna,1
./genomes/GCA_000001405.29_GRCh38.p14_genomic_383.fna,1
./genomes/GCA_000001405.29_GRCh38.p14_genomic_402.fna,1
./genomes/GCA_000001405.29_GRCh38.p14_genomic_366.fna,1
./genomes/GCA_000001405.29_GRCh38.p14_genomic_454.fna,1
./genomes/GCA_000001405.29_GRCh38.p14_genomic_230.fna,1
./genomes/GCA_000001405.29_GRCh38.p14_genomic_268.fna,1
./genomes/GCA_000001405.29_GRCh38.p14_genomic_347.fna,1
./genomes/GCA_000001405.29_GRCh38.p14_genomic_419.fna,1
./genomes/GCA_000001405.29_GRCh38.p14_genomic_448.fna,1
./genomes/GCA_000001405.29_GRCh38.p14_genomic_198.fna,1
./genomes/GCA_000001405.29_GRCh38.p14_genomic_325.fna,1
./genomes/GCA_000001405.29_GRCh38.p14_genomic_255.fna,1
./genomes/GCA_000001405.29_GRCh38.p14_genomic_303.fna,1
./genomes/GCA_000001405.29_GRCh38.p14_genomic_421.fna,1
./genomes/GCA_000001405.29_GRCh38.p14_genomic_215.fna,1
./genomes/GCA_000001405.29_GRCh38.p14_genomic_377.fna,1
./genomes/GCA_000001405.29_GRCh38.p14_genomic_398.fna,1
./genomes/GCA_000001405.29_GRCh38.p14_genomic_435.fna,1
./genomes/GCA_000001405.29_GRCh38.p14_genomic_305.fna,1
./genomes/GCA_000001405.29_GRCh38.p14_genomic_212.fna,1
./genomes/GCA_000001405.29_GRCh38.p14_genomic_574.fna,1
./genomes/GCA_000001405.29_GRCh38.p14_genomic_653.fna,1
./genomes/GCA_000001405.29_GRCh38.p14_genomic_568.fna,1
./genomes/GCA_000001405.29_GRCh38.p14_genomic_277.fna,1
./genomes/GCA_000001405.29_GRCh38.p14_genomic_645.fna,1
./genomes/GCA_000001405.29_GRCh38.p14_genomic_341.fna,1
./genomes/GCA_000001405.29_GRCh38.p14_genomic_539.fna,1
./genomes/GCA_000001405.29_GRCh38.p14_genomic_259.fna,1
./genomes/GCA_000001405.29_GRCh38.p14_genomic_566.fna,1
./genomes/GCA_000001405.29_GRCh38.p14_genomic_242.fna,1
./genomes/GCA_000001405.29_GRCh38.p14_genomic_530.fna,1
./genomes/GCA_000001405.29_GRCh38.p14_genomic_197.fna,1
./genomes/GCA_000001405.29_GRCh38.p14_genomic_323.fna,1
./genomes/GCA_000001405.29_GRCh38.p14_genomic_628.fna,1
./genomes/GCA_000001405.29_GRCh38.p14_genomic_245.fna,1
./genomes/GCA_000001405.29_GRCh38.p14_genomic_269.fna,1
./genomes/GCA_000001405.29_GRCh38.p14_genomic_329.fna,1
./genomes/GCA_000001405.29_GRCh38.p14_genomic_234.fna,1
./genomes/GCA_000001405.29_GRCh38.p14_genomic_523.fna,1
./genomes/GCA_000001405.29_GRCh38.p14_genomic_345.fna,1
./genomes/GCA_000001405.29_GRCh38.p14_genomic_543.fna,1
./genomes/GCA_000001405.29_GRCh38.p14_genomic_575.fna,1
./genomes/GCA_000001405.29_GRCh38.p14_genomic_441.fna,1
./genomes/GCA_000001405.29_GRCh38.p14_genomic_406.fna,1
./genomes/GCA_000001405.29_GRCh38.p14_genomic_309.fna,1
./genomes/GCA_000001405.29_GRCh38.p14_genomic_521.fna,1
./genomes/GCA_000001405.29_GRCh38.p14_genomic_599.fna,1
./genomes/GCA_000001405.29_GRCh38.p14_genomic_220.fna,1
./genomes/GCA_000001405.29_GRCh38.p14_genomic_633.fna,1
./genomes/GCA_000001405.29_GRCh38.p14_genomic_520.fna,1
./genomes/GCA_000001405.29_GRCh38.p14_genomic_700.fna,1
./genomes/GCA_000001405.29_GRCh38.p14_genomic_378.fna,1
./genomes/GCA_000001405.29_GRCh38.p14_genomic_48.fna,1
./genomes/GCA_000001405.29_GRCh38.p14_genomic_322.fna,1
./genomes/GCA_000001405.29_GRCh38.p14_genomic_195.fna,1
./genomes/GCA_000001405.29_GRCh38.p14_genomic_589.fna,1
./genomes/GCA_000001405.29_GRCh38.p14_genomic_311.fna,1
./genomes/GCA_000001405.29_GRCh38.p14_genomic_381.fna,1
./genomes/GCA_000001405.29_GRCh38.p14_genomic_256.fna,1
./genomes/GCA_000001405.29_GRCh38.p14_genomic_660.fna,1
./genomes/GCA_000001405.29_GRCh38.p14_genomic_418.fna,1
./genomes/GCA_000001405.29_GRCh38.p14_genomic_510.fna,1
./genomes/GCA_000001405.29_GRCh38.p14_genomic_516.fna,1
./genomes/GCA_000001405.29_GRCh38.p14_genomic_373.fna,1
./genomes/GCA_000001405.29_GRCh38.p14_genomic_318.fna,1
./genomes/GCA_000001405.29_GRCh38.p14_genomic_278.fna,1
./genomes/GCA_000001405.29_GRCh38.p14_genomic_374.fna,1
./genomes/GCA_000001405.29_GRCh38.p14_genomic_292.fna,1
./genomes/GCA_000001405.29_GRCh38.p14_genomic_312.fna,1
./genomes/GCA_000001405.29_GRCh38.p14_genomic_359.fna,1
./genomes/GCA_000001405.29_GRCh38.p14_genomic_629.fna,1
./genomes/GCA_000001405.29_GRCh38.p14_genomic_573.fna,1
./genomes/GCA_000001405.29_GRCh38.p14_genomic_332.fna,1
./genomes/GCA_000001405.29_GRCh38.p14_genomic_626.fna,1
./genomes/GCA_000001405.29_GRCh38.p14_genomic_449.fna,1
./genomes/GCA_000001405.29_GRCh38.p14_genomic_282.fna,1
./genomes/GCA_000001405.29_GRCh38.p14_genomic_209.fna,1
./genomes/GCA_000001405.29_GRCh38.p14_genomic_683.fna,1
./genomes/GCA_000001405.29_GRCh38.p14_genomic_477.fna,1
./genomes/GCA_000001405.29_GRCh38.p14_genomic_384.fna,1
./genomes/GCA_000001405.29_GRCh38.p14_genomic_279.fna,1
./genomes/GCA_000001405.29_GRCh38.p14_genomic_576.fna,1
./genomes/GCA_000001405.29_GRCh38.p14_genomic_217.fna,1
./genomes/GCA_000001405.29_GRCh38.p14_genomic_490.fna,1
./genomes/GCA_000001405.29_GRCh38.p14_genomic_274.fna,1
./genomes/GCA_000001405.29_GRCh38.p14_genomic_407.fna,1
./genomes/GCA_000001405.29_GRCh38.p14_genomic_554.fna,1
./genomes/GCA_000001405.29_GRCh38.p14_genomic_258.fna,1
./genomes/GCA_000001405.29_GRCh38.p14_genomic_594.fna,1
./genomes/GCA_000001405.29_GRCh38.p14_genomic_249.fna,1
./genomes/GCA_000001405.29_GRCh38.p14_genomic_387.fna,1
./genomes/GCA_000001405.29_GRCh38.p14_genomic_613.fna,1
./genomes/GCA_000001405.29_GRCh38.p14_genomic_581.fna,1
./genomes/GCA_000001405.29_GRCh38.p14_genomic_393.fna,1
./genomes/GCA_000001405.29_GRCh38.p14_genomic_263.fna,1
./genomes/GCA_000001405.29_GRCh38.p14_genomic_664.fna,1
./genomes/GCA_000001405.29_GRCh38.p14_genomic_495.fna,1
./genomes/GCA_000001405.29_GRCh38.p14_genomic_396.fna,1
./genomes/GCA_000001405.29_GRCh38.p14_genomic_474.fna,1
./genomes/GCA_000001405.29_GRCh38.p14_genomic_593.fna,1
./genomes/GCA_000001405.29_GRCh38.p14_genomic_461.fna,1
./genomes/GCA_000001405.29_GRCh38.p14_genomic_413.fna,1
./genomes/GCA_000001405.29_GRCh38.p14_genomic_482.fna,1
./genomes/GCA_000001405.29_GRCh38.p14_genomic_665.fna,1
./genomes/GCA_000001405.29_GRCh38.p14_genomic_327.fna,1
./genomes/GCA_000001405.29_GRCh38.p14_genomic_706.fna,1
./genomes/GCA_000001405.29_GRCh38.p14_genomic_239.fna,1
./genomes/GCA_000001405.29_GRCh38.p14_genomic_647.fna,1
./genomes/GCA_000001405.29_GRCh38.p14_genomic_636.fna,1
./genomes/GCA_000001405.29_GRCh38.p14_genomic_213.fna,1
./genomes/GCA_000001405.29_GRCh38.p14_genomic_208.fna,1
./genomes/GCA_000001405.29_GRCh38.p14_genomic_338.fna,1
./genomes/GCA_000001405.29_GRCh38.p14_genomic_35.fna,1
./genomes/GCA_000001405.29_GRCh38.p14_genomic_175.fna,1
./genomes/GCA_000001405.29_GRCh38.p14_genomic_214.fna,1
./genomes/GCA_000001405.29_GRCh38.p14_genomic_541.fna,1
./genomes/GCA_000001405.29_GRCh38.p14_genomic_518.fna,1
./genomes/GCA_000001405.29_GRCh38.p14_genomic_446.fna,1
./genomes/GCA_000001405.29_GRCh38.p14_genomic_17.fna,1
./genomes/GCA_000001405.29_GRCh38.p14_genomic_512.fna,1
./genomes/GCA_000001405.29_GRCh38.p14_genomic_688.fna,1
./genomes/GCA_000001405.29_GRCh38.p14_genomic_266.fna,1
./genomes/GCA_000001405.29_GRCh38.p14_genomic_232.fna,1
./genomes/GCA_000001405.29_GRCh38.p14_genomic_297.fna,1
./genomes/GCA_000001405.29_GRCh38.p14_genomic_355.fna,1
./genomes/GCA_000001405.29_GRCh38.p14_genomic_489.fna,1
./genomes/GCA_000001405.29_GRCh38.p14_genomic_252.fna,1
./genomes/GCA_000001405.29_GRCh38.p14_genomic_262.fna,1
./genomes/GCA_000001405.29_GRCh38.p14_genomic_479.fna,1
./genomes/GCA_000001405.29_GRCh38.p14_genomic_693.fna,1
./genomes/GCA_000001405.29_GRCh38.p14_genomic_392.fna,1
./genomes/GCA_000001405.29_GRCh38.p14_genomic_316.fna,1
./genomes/GCA_000001405.29_GRCh38.p14_genomic_687.fna,1
./genomes/GCA_000001405.29_GRCh38.p14_genomic_544.fna,1
./genomes/GCA_000001405.29_GRCh38.p14_genomic_365.fna,1
./genomes/GCA_000001405.29_GRCh38.p14_genomic_320.fna,1
./genomes/GCA_000001405.29_GRCh38.p14_genomic_34.fna,1
./genomes/GCA_000001405.29_GRCh38.p14_genomic_622.fna,1
./genomes/GCA_000001405.29_GRCh38.p14_genomic_546.fna,1
./genomes/GCA_000001405.29_GRCh38.p14_genomic_704.fna,1
./genomes/GCA_000001405.29_GRCh38.p14_genomic_179.fna,1
./genomes/GCA_000001405.29_GRCh38.p14_genomic_601.fna,1
./genomes/GCA_000001405.29_GRCh38.p14_genomic_699.fna,1
./genomes/GCA_000001405.29_GRCh38.p14_genomic_246.fna,1
./genomes/GCA_000001405.29_GRCh38.p14_genomic_509.fna,1
./genomes/GCA_000001405.29_GRCh38.p14_genomic_671.fna,1
./genomes/GCA_000001405.29_GRCh38.p14_genomic_587.fna,1
./genomes/GCA_000001405.29_GRCh38.p14_genomic_649.fna,1
./genomes/GCA_000001405.29_GRCh38.p14_genomic_313.fna,1
./genomes/GCA_000001405.29_GRCh38.p14_genomic_493.fna,1
./genomes/GCA_000001405.29_GRCh38.p14_genomic_244.fna,1
./genomes/GCA_000001405.29_GRCh38.p14_genomic_36.fna,1
./genomes/GCA_000001405.29_GRCh38.p14_genomic_336.fna,1
./genomes/GCA_000001405.29_GRCh38.p14_genomic_583.fna,1
./genomes/GCA_000001405.29_GRCh38.p14_genomic_562.fna,1
./genomes/GCA_000001405.29_GRCh38.p14_genomic_37.fna,1
./genomes/GCA_000001405.29_GRCh38.p14_genomic_547.fna,1
./genomes/GCA_000001405.29_GRCh38.p14_genomic_696.fna,1
./genomes/GCA_000001405.29_GRCh38.p14_genomic_643.fna,1
./genomes/GCA_000001405.29_GRCh38.p14_genomic_423.fna,1
./genomes/GCA_000001405.29_GRCh38.p14_genomic_702.fna,1
./genomes/GCA_000001405.29_GRCh38.p14_genomic_540.fna,1
./genomes/GCA_000001405.29_GRCh38.p14_genomic_610.fna,1
./genomes/GCA_000001405.29_GRCh38.p14_genomic_433.fna,1
./genomes/GCA_000001405.29_GRCh38.p14_genomic_701.fna,1
./genomes/GCA_000001405.29_GRCh38.p14_genomic_388.fna,1
./genomes/GCA_000001405.29_GRCh38.p14_genomic_191.fna,1
./genomes/GCA_000001405.29_GRCh38.p14_genomic_202.fna,1
./genomes/GCA_000001405.29_GRCh38.p14_genomic_627.fna,1
./genomes/GCA_000001405.29_GRCh38.p14_genomic_703.fna,1
./genomes/GCA_000001405.29_GRCh38.p14_genomic_549.fna,1
./genomes/GCA_000001405.29_GRCh38.p14_genomic_508.fna,1
./genomes/GCA_000001405.29_GRCh38.p14_genomic_47.fna,1
./genomes/GCA_000001405.29_GRCh38.p14_genomic_310.fna,1
./genomes/GCA_000001405.29_GRCh38.p14_genomic_451.fna,1
./genomes/GCA_000001405.29_GRCh38.p14_genomic_695.fna,1
./genomes/GCA_000001405.29_GRCh38.p14_genomic_691.fna,1
./genomes/GCA_000001405.29_GRCh38.p14_genomic_481.fna,1
./genomes/GCA_000001405.29_GRCh38.p14_genomic_559.fna,1
./genomes/GCA_000001405.29_GRCh38.p14_genomic_618.fna,1
./genomes/GCA_000001405.29_GRCh38.p14_genomic_168.fna,1
./genomes/GCA_000001405.29_GRCh38.p14_genomic_452.fna,1
./genomes/GCA_000001405.29_GRCh38.p14_genomic_330.fna,1
./genomes/GCA_000001405.29_GRCh38.p14_genomic_60.fna,1
./genomes/GCA_000001405.29_GRCh38.p14_genomic_224.fna,1
./genomes/GCA_000001405.29_GRCh38.p14_genomic_538.fna,1
./genomes/GCA_000001405.29_GRCh38.p14_genomic_326.fna,1
./genomes/GCA_000001405.29_GRCh38.p14_genomic_570.fna,1
./genomes/GCA_000001405.29_GRCh38.p14_genomic_475.fna,1
./genomes/GCA_000001405.29_GRCh38.p14_genomic_563.fna,1
./genomes/GCA_000001405.29_GRCh38.p14_genomic_289.fna,1
./genomes/GCA_000001405.29_GRCh38.p14_genomic_57.fna,1
./genomes/GCA_000001405.29_GRCh38.p14_genomic_171.fna,1
./genomes/GCA_000001405.29_GRCh38.p14_genomic_537.fna,1
./genomes/GCA_000001405.29_GRCh38.p14_genomic_169.fna,1
./genomes/GCA_000001405.29_GRCh38.p14_genomic_492.fna,1
./genomes/GCA_000001405.29_GRCh38.p14_genomic_597.fna,1
./genomes/GCA_000001405.29_GRCh38.p14_genomic_409.fna,1
./genomes/GCA_000001405.29_GRCh38.p14_genomic_708.fna,1
./genomes/GCA_000001405.29_GRCh38.p14_genomic_542.fna,1
./genomes/GCA_000001405.29_GRCh38.p14_genomic_26.fna,1
./genomes/GCA_000001405.29_GRCh38.p14_genomic_250.fna,1
./genomes/GCA_000001405.29_GRCh38.p14_genomic_192.fna,1
./genomes/GCA_000001405.29_GRCh38.p14_genomic_667.fna,1
./genomes/GCA_000001405.29_GRCh38.p14_genomic_8.fna,1
./genomes/GCA_000001405.29_GRCh38.p14_genomic_240.fna,1
./genomes/GCA_000001405.29_GRCh38.p14_genomic_503.fna,1
./genomes/GCA_000001405.29_GRCh38.p14_genomic_2.fna,1
./genomes/GCA_000001405.29_GRCh38.p14_genomic_340.fna,1
./genomes/GCA_000001405.29_GRCh38.p14_genomic_428.fna,1
./genomes/GCA_000001405.29_GRCh38.p14_genomic_218.fna,1
./genomes/GCA_000001405.29_GRCh38.p14_genomic_470.fna,1
./genomes/GCA_000001405.29_GRCh38.p14_genomic_656.fna,1
./genomes/GCA_000001405.29_GRCh38.p14_genomic_476.fna,1
./genomes/GCA_000001405.29_GRCh38.p14_genomic_500.fna,1
./genomes/GCA_000001405.29_GRCh38.p14_genomic_472.fna,1
./genomes/GCA_000001405.29_GRCh38.p14_genomic_40.fna,1
./genomes/GCA_000001405.29_GRCh38.p14_genomic_499.fna,1
./genomes/GCA_000001405.29_GRCh38.p14_genomic_386.fna,1
./genomes/GCA_000001405.29_GRCh38.p14_genomic_283.fna,1
./genomes/GCA_000001405.29_GRCh38.p14_genomic_360.fna,1
./genomes/GCA_000001405.29_GRCh38.p14_genomic_534.fna,1
./genomes/GCA_000001405.29_GRCh38.p14_genomic_415.fna,1
./genomes/GCA_000001405.29_GRCh38.p14_genomic_686.fna,1
./genomes/GCA_000001405.29_GRCh38.p14_genomic_321.fna,1
./genomes/GCA_000001405.29_GRCh38.p14_genomic_698.fna,1
./genomes/GCA_000001405.29_GRCh38.p14_genomic_690.fna,1
./genomes/GCA_000001405.29_GRCh38.p14_genomic_692.fna,1
./genomes/GCA_000001405.29_GRCh38.p14_genomic_694.fna,1
./genomes/GCA_000001405.29_GRCh38.p14_genomic_707.fna,1
./genomes/GCA_000001405.29_GRCh38.p14_genomic_684.fna,1
./genomes/GCA_000001405.29_GRCh38.p14_genomic_609.fna,1
./genomes/GCA_000001405.29_GRCh38.p14_genomic_404.fna,1
./genomes/GCA_000001405.29_GRCh38.p14_genomic_705.fna,1
./genomes/GCA_000001405.29_GRCh38.p14_genomic_555.fna,1
./genomes/GCA_000001405.29_GRCh38.p14_genomic_376.fna,1
./genomes/GCA_000001405.29_GRCh38.p14_genomic_565.fna,1
./genomes/GCA_000001405.29_GRCh38.p14_genomic_176.fna,1
./genomes/GCA_000001405.29_GRCh38.p14_genomic_348.fna,1
./genomes/GCA_000001405.29_GRCh38.p14_genomic_405.fna,1
./genomes/GCA_000001405.29_GRCh38.p14_genomic_605.fna,1
./genomes/GCA_000001405.29_GRCh38.p14_genomic_603.fna,1
./genomes/GCA_000001405.29_GRCh38.p14_genomic_550.fna,1
./genomes/GCA_000001405.29_GRCh38.p14_genomic_620.fna,1
./genomes/GCA_000001405.29_GRCh38.p14_genomic_410.fna,1
./genomes/GCA_000001405.29_GRCh38.p14_genomic_661.fna,1
./genomes/GCA_000001405.29_GRCh38.p14_genomic_199.fna,1
./genomes/GCA_000001405.29_GRCh38.p14_genomic_200.fna,1
./genomes/GCA_000001405.29_GRCh38.p14_genomic_458.fna,1
./genomes/GCA_000001405.29_GRCh38.p14_genomic_241.fna,1
./genomes/GCA_000001405.29_GRCh38.p14_genomic_677.fna,1
./genomes/GCA_000001405.29_GRCh38.p14_genomic_328.fna,1
./genomes/GCA_000001405.29_GRCh38.p14_genomic_298.fna,1
./genomes/GCA_000001405.29_GRCh38.p14_genomic_58.fna,1
./genomes/GCA_000001405.29_GRCh38.p14_genomic_600.fna,1
./genomes/GCA_000001405.29_GRCh38.p14_genomic_496.fna,1
./genomes/GCA_000001405.29_GRCh38.p14_genomic_487.fna,1
./genomes/GCA_000001405.29_GRCh38.p14_genomic_174.fna,1
./genomes/GCA_000001405.29_GRCh38.p14_genomic_674.fna,1
./genomes/GCA_000001405.29_GRCh38.p14_genomic_247.fna,1
./genomes/GCA_000001405.29_GRCh38.p14_genomic_403.fna,1
./genomes/GCA_000001405.29_GRCh38.p14_genomic_300.fna,1
./genomes/GCA_000001405.29_GRCh38.p14_genomic_257.fna,1
./genomes/GCA_000001405.29_GRCh38.p14_genomic_668.fna,1
./genomes/GCA_000001405.29_GRCh38.p14_genomic_391.fna,1
./genomes/GCA_000001405.29_GRCh38.p14_genomic_532.fna,1
./genomes/GCA_000001405.29_GRCh38.p14_genomic_638.fna,1
./genomes/GCA_000001405.29_GRCh38.p14_genomic_632.fna,1
./genomes/GCA_000001405.29_GRCh38.p14_genomic_480.fna,1
./genomes/GCA_000001405.29_GRCh38.p14_genomic_635.fna,1
./genomes/GCA_000001405.29_GRCh38.p14_genomic_170.fna,1
./genomes/GCA_000001405.29_GRCh38.p14_genomic_471.fna,1
./genomes/GCA_000001405.29_GRCh38.p14_genomic_12.fna,1
./genomes/GCA_000001405.29_GRCh38.p14_genomic_637.fna,1
./genomes/GCA_000001405.29_GRCh38.p14_genomic_193.fna,1
./genomes/GCA_000001405.29_GRCh38.p14_genomic_412.fna,1
./genomes/GCA_000001405.29_GRCh38.p14_genomic_604.fna,1
./genomes/GCA_000001405.29_GRCh38.p14_genomic_408.fna,1
./genomes/GCA_000001405.29_GRCh38.p14_genomic_529.fna,1
./genomes/GCA_000001405.29_GRCh38.p14_genomic_486.fna,1
./genomes/GCA_000001405.29_GRCh38.p14_genomic_353.fna,1
./genomes/GCA_000001405.29_GRCh38.p14_genomic_181.fna,1
./genomes/GCA_000001405.29_GRCh38.p14_genomic_513.fna,1
./genomes/GCA_000001405.29_GRCh38.p14_genomic_511.fna,1
./genomes/GCA_000001405.29_GRCh38.p14_genomic_657.fna,1
./genomes/GCA_000001405.29_GRCh38.p14_genomic_172.fna,1
./genomes/GCA_000001405.29_GRCh38.p14_genomic_652.fna,1
./genomes/GCA_000001405.29_GRCh38.p14_genomic_685.fna,1
./genomes/GCA_000001405.29_GRCh38.p14_genomic_294.fna,1
./genomes/GCA_000001405.29_GRCh38.p14_genomic_417.fna,1
./genomes/GCA_000001405.29_GRCh38.p14_genomic_426.fna,1
./genomes/GCA_000001405.29_GRCh38.p14_genomic_427.fna,1
./genomes/GCA_000001405.29_GRCh38.p14_genomic_611.fna,1
./genomes/GCA_000001405.29_GRCh38.p14_genomic_689.fna,1
./genomes/GCA_000001405.29_GRCh38.p14_genomic_15.fna,1
./genomes/GCA_000001405.29_GRCh38.p14_genomic_380.fna,1
./genomes/GCA_000001405.29_GRCh38.p14_genomic_545.fna,1
./genomes/GCA_000001405.29_GRCh38.p14_genomic_344.fna,1
./genomes/GCA_000001405.29_GRCh38.p14_genomic_13.fna,1
./genomes/GCA_000001405.29_GRCh38.p14_genomic_429.fna,1
./genomes/GCA_000001405.29_GRCh38.p14_genomic_557.fna,1
./genomes/GCA_000001405.29_GRCh38.p14_genomic_504.fna,1
./genomes/GCA_000001405.29_GRCh38.p14_genomic_55.fna,1
./genomes/GCA_000001405.29_GRCh38.p14_genomic_183.fna,1
./genomes/GCA_000001405.29_GRCh38.p14_genomic_293.fna,1
./genomes/GCA_000001405.29_GRCh38.p14_genomic_182.fna,1
./genomes/GCA_000001405.29_GRCh38.p14_genomic_351.fna,1
./genomes/GCA_000001405.29_GRCh38.p14_genomic_231.fna,1
./genomes/GCA_000001405.29_GRCh38.p14_genomic_416.fna,1
./genomes/GCA_000001405.29_GRCh38.p14_genomic_519.fna,1
./genomes/GCA_000001405.29_GRCh38.p14_genomic_430.fna,1
./genomes/GCA_000001405.29_GRCh38.p14_genomic_390.fna,1
./genomes/GCA_000001405.29_GRCh38.p14_genomic_634.fna,1
./genomes/GCA_000001405.29_GRCh38.p14_genomic_621.fna,1
./genomes/GCA_000001405.29_GRCh38.p14_genomic_463.fna,1
./genomes/GCA_000001405.29_GRCh38.p14_genomic_285.fna,1
./genomes/GCA_000001405.29_GRCh38.p14_genomic_525.fna,1
./genomes/GCA_000001405.29_GRCh38.p14_genomic_204.fna,1
./genomes/GCA_000001405.29_GRCh38.p14_genomic_324.fna,1
./genomes/GCA_000001405.29_GRCh38.p14_genomic_439.fna,1
./genomes/GCA_000001405.29_GRCh38.p14_genomic_229.fna,1
./genomes/GCA_000001405.29_GRCh38.p14_genomic_203.fna,1
./genomes/GCA_000001405.29_GRCh38.p14_genomic_280.fna,1
./genomes/GCA_000001405.29_GRCh38.p14_genomic_267.fna,1
./genomes/GCA_000001405.29_GRCh38.p14_genomic_556.fna,1
./genomes/GCA_000001405.29_GRCh38.p14_genomic_104.fna,1
./genomes/GCA_000001405.29_GRCh38.p14_genomic_465.fna,1
./genomes/GCA_000001405.29_GRCh38.p14_genomic_379.fna,1
./genomes/GCA_000001405.29_GRCh38.p14_genomic_401.fna,1
./genomes/GCA_000001405.29_GRCh38.p14_genomic_651.fna,1
./genomes/GCA_000001405.29_GRCh38.p14_genomic_190.fna,1
./genomes/GCA_000001405.29_GRCh38.p14_genomic_644.fna,1
./genomes/GCA_000001405.29_GRCh38.p14_genomic_459.fna,1
./genomes/GCA_000001405.29_GRCh38.p14_genomic_265.fna,1
./genomes/GCA_000001405.29_GRCh38.p14_genomic_579.fna,1
./genomes/GCA_000001405.29_GRCh38.p14_genomic_301.fna,1
./genomes/GCA_000001405.29_GRCh38.p14_genomic_527.fna,1
./genomes/GCA_000001405.29_GRCh38.p14_genomic_591.fna,1
./genomes/GCA_000001405.29_GRCh38.p14_genomic_464.fna,1
./genomes/GCA_000001405.29_GRCh38.p14_genomic_531.fna,1
./genomes/GCA_000001405.29_GRCh38.p14_genomic_501.fna,1
./genomes/GCA_000001405.29_GRCh38.p14_genomic_641.fna,1
./genomes/GCA_000001405.29_GRCh38.p14_genomic_615.fna,1
./genomes/GCA_000001405.29_GRCh38.p14_genomic_4.fna,1
./genomes/GCA_000001405.29_GRCh38.p14_genomic_517.fna,1
./genomes/GCA_000001405.29_GRCh38.p14_genomic_491.fna,1
./genomes/GCA_000001405.29_GRCh38.p14_genomic_254.fna,1
./genomes/GCA_000001405.29_GRCh38.p14_genomic_505.fna,1
./genomes/GCA_000001405.29_GRCh38.p14_genomic_469.fna,1
./genomes/GCA_000001405.29_GRCh38.p14_genomic_352.fna,1
./genomes/GCA_000001405.29_GRCh38.p14_genomic_697.fna,1
./genomes/GCA_000001405.29_GRCh38.p14_genomic_319.fna,1
./genomes/GCA_000001405.29_GRCh38.p14_genomic_206.fna,1
./genomes/GCA_000001405.29_GRCh38.p14_genomic_553.fna,1
./genomes/GCA_000001405.29_GRCh38.p14_genomic_462.fna,1
./genomes/GCA_000001405.29_GRCh38.p14_genomic_227.fna,1
./genomes/GCA_000001405.29_GRCh38.p14_genomic_488.fna,1
./genomes/GCA_000001405.29_GRCh38.p14_genomic_558.fna,1
./genomes/GCA_000001405.29_GRCh38.p14_genomic_514.fna,1
./genomes/GCA_000001405.29_GRCh38.p14_genomic_616.fna,1
./genomes/GCA_000001405.29_GRCh38.p14_genomic_385.fna,1
./genomes/GCA_000001405.29_GRCh38.p14_genomic_624.fna,1
./genomes/GCA_000001405.29_GRCh38.p14_genomic_261.fna,1
./genomes/GCA_000001405.29_GRCh38.p14_genomic_478.fna,1
./genomes/GCA_000001405.29_GRCh38.p14_genomic_49.fna,1
./genomes/GCA_000001405.29_GRCh38.p14_genomic_96.fna,1
./genomes/GCA_000001405.29_GRCh38.p14_genomic_484.fna,1
./genomes/GCA_000001405.29_GRCh38.p14_genomic_598.fna,1
./genomes/GCA_000001405.29_GRCh38.p14_genomic_466.fna,1
./genomes/GCA_000001405.29_GRCh38.p14_genomic_453.fna,1
./genomes/GCA_000001405.29_GRCh38.p14_genomic_467.fna,1
./genomes/GCA_000001405.29_GRCh38.p14_genomic_450.fna,1
./genomes/GCA_000001405.29_GRCh38.p14_genomic_334.fna,1
./genomes/GCA_000001405.29_GRCh38.p14_genomic_473.fna,1
./genomes/GCA_000001405.29_GRCh38.p14_genomic_333.fna,1
./genomes/GCA_000001405.29_GRCh38.p14_genomic_595.fna,1
./genomes/GCA_000001405.29_GRCh38.p14_genomic_295.fna,1
./genomes/GCA_000001405.29_GRCh38.p14_genomic_646.fna,1
./genomes/GCA_000001405.29_GRCh38.p14_genomic_243.fna,1
./genomes/GCA_000001405.29_GRCh38.p14_genomic_602.fna,1
./genomes/GCA_000001405.29_GRCh38.p14_genomic_339.fna,1
./genomes/GCA_000001405.29_GRCh38.p14_genomic_564.fna,1
./genomes/GCA_000001405.29_GRCh38.p14_genomic_61.fna,1
./genomes/GCA_000001405.29_GRCh38.p14_genomic_296.fna,1
./genomes/GCA_000001405.29_GRCh38.p14_genomic_630.fna,1
./genomes/GCA_000001405.29_GRCh38.p14_genomic_498.fna,1
./genomes/GCA_000001405.29_GRCh38.p14_genomic_447.fna,1
./genomes/GCA_000001405.29_GRCh38.p14_genomic_432.fna,1
./genomes/GCA_000001405.29_GRCh38.p14_genomic_414.fna,1
./genomes/GCA_000001405.29_GRCh38.p14_genomic_30.fna,1
./genomes/GCA_000001405.29_GRCh38.p14_genomic_411.fna,1
./genomes/GCA_015160985.1_ASM1516098v1_genomic.fna,1
./genomes/GCA_000001405.29_GRCh38.p14_genomic_62.fna,1
./genomes/GCA_015160945.1_ASM1516094v1_genomic.fna,1
./genomes/GCA_000001405.29_GRCh38.p14_genomic_368.fna,1
./genomes/GCA_015161195.1_ASM1516119v1_genomic.fna,1
./genomes/GCA_000001405.29_GRCh38.p14_genomic_631.fna,1
./genomes/GCA_000001405.29_GRCh38.p14_genomic_468.fna,1
./genomes/GCA_015160955.1_ASM1516095v1_genomic.fna,1
./genomes/GCA_000001405.29_GRCh38.p14_genomic_180.fna,1
./genomes/GCA_000001405.29_GRCh38.p14_genomic_395.fna,1
./genomes/GCA_016528255.1_ASM1652825v1_genomic.fna,1
./genomes/GCA_000001405.29_GRCh38.p14_genomic_95.fna,1
./genomes/GCA_000001405.29_GRCh38.p14_genomic_19.fna,1
./genomes/GCA_021090335.1_ASM2109033v1_genomic.fna,1
./genomes/GCA_000001405.29_GRCh38.p14_genomic_114.fna,1
./genomes/GCA_000001405.29_GRCh38.p14_genomic_251.fna,1
./genomes/GCA_000001405.29_GRCh38.p14_genomic_596.fna,1
./genomes/GCA_000001405.29_GRCh38.p14_genomic_270.fna,1
./genomes/GCA_000001405.29_GRCh38.p14_genomic_584.fna,1
./genomes/GCA_000001405.29_GRCh38.p14_genomic_397.fna,1
./genomes/GCA_000001405.29_GRCh38.p14_genomic_654.fna,1
./genomes/GCA_000001405.29_GRCh38.p14_genomic_369.fna,1
./genomes/GCA_000001405.29_GRCh38.p14_genomic_343.fna,1
./genomes/GCA_000001405.29_GRCh38.p14_genomic_314.fna,1
./genomes/GCA_000001405.29_GRCh38.p14_genomic_216.fna,1
./genomes/GCA_000001405.29_GRCh38.p14_genomic_494.fna,1
./genomes/GCA_000001405.29_GRCh38.p14_genomic_625.fna,1
./genomes/GCA_000001405.29_GRCh38.p14_genomic_275.fna,1
./genomes/GCA_000001405.29_GRCh38.p14_genomic_188.fna,1
./genomes/GCA_000001405.29_GRCh38.p14_genomic_375.fna,1
./genomes/GCA_000001405.29_GRCh38.p14_genomic_680.fna,1
./genomes/GCA_000001405.29_GRCh38.p14_genomic_560.fna,1
./genomes/GCA_000001405.29_GRCh38.p14_genomic_507.fna,1
./genomes/GCA_000001405.29_GRCh38.p14_genomic_623.fna,1
./genomes/GCA_000001405.29_GRCh38.p14_genomic_659.fna,1
./genomes/GCA_000001405.29_GRCh38.p14_genomic_63.fna,1
./genomes/GCA_000001405.29_GRCh38.p14_genomic_281.fna,1
./genomes/GCA_000001405.29_GRCh38.p14_genomic_533.fna,1
./genomes/GCA_000001405.29_GRCh38.p14_genomic_189.fna,1
./genomes/GCA_000001405.29_GRCh38.p14_genomic_460.fna,1
./genomes/GCA_000001405.29_GRCh38.p14_genomic_590.fna,1
./genomes/GCA_000001405.29_GRCh38.p14_genomic_437.fna,1
./genomes/GCA_000001405.29_GRCh38.p14_genomic_438.fna,1
./genomes/GCA_000001405.29_GRCh38.p14_genomic_548.fna,1
./genomes/GCA_000001405.29_GRCh38.p14_genomic_5.fna,1
./genomes/GCA_000001405.29_GRCh38.p14_genomic_178.fna,1
./genomes/GCA_000001405.29_GRCh38.p14_genomic_354.fna,1
./genomes/GCA_000001405.29_GRCh38.p14_genomic_342.fna,1
./genomes/GCA_000001405.29_GRCh38.p14_genomic_580.fna,1
./genomes/GCA_000001405.29_GRCh38.p14_genomic_619.fna,1
./genomes/GCA_000001405.29_GRCh38.p14_genomic_185.fna,1
./genomes/GCA_000001405.29_GRCh38.p14_genomic_606.fna,1
./genomes/GCA_002958055.1_ASM295805v1_genomic.fna,1
./genomes/GCA_000001405.29_GRCh38.p14_genomic_535.fna,1
./genomes/GCA_000001405.29_GRCh38.p14_genomic_370.fna,1
./genomes/GCA_000001405.29_GRCh38.p14_genomic_617.fna,1
./genomes/GCA_000001405.29_GRCh38.p14_genomic_389.fna,1
./genomes/GCA_000001405.29_GRCh38.p14_genomic_561.fna,1
./genomes/GCA_002958115.1_ASM295811v1_genomic.fna,1
./genomes/GCA_002958105.1_ASM295810v1_genomic.fna,1
./genomes/GCA_000001405.29_GRCh38.p14_genomic_253.fna,1
./genomes/GCA_000001405.29_GRCh38.p14_genomic_607.fna,1
./genomes/GCA_000001405.29_GRCh38.p14_genomic_455.fna,1
./genomes/GCA_000001405.29_GRCh38.p14_genomic_444.fna,1
./genomes/GCA_000001405.29_GRCh38.p14_genomic_331.fna,1
./genomes/GCA_000001405.29_GRCh38.p14_genomic_201.fna,1
./genomes/GCA_000001405.29_GRCh38.p14_genomic_122.fna,1
./genomes/GCA_000001405.29_GRCh38.p14_genomic_41.fna,1
./genomes/GCA_000001405.29_GRCh38.p14_genomic_612.fna,1
./genomes/GCA_000001405.29_GRCh38.p14_genomic_59.fna,1
./genomes/GCA_000001405.29_GRCh38.p14_genomic_7.fna,1
./genomes/GCA_000001405.29_GRCh38.p14_genomic_177.fna,1
./genomes/GCA_000001405.29_GRCh38.p14_genomic_10.fna,1
./genomes/GCA_000001405.29_GRCh38.p14_genomic_56.fna,1
./genomes/GCA_000001405.29_GRCh38.p14_genomic_9.fna,1
./genomes/GCA_000001405.29_GRCh38.p14_genomic_6.fna,1
./genomes/GCA_000001405.29_GRCh38.p14_genomic_186.fna,1
./genomes/GCA_000001405.29_GRCh38.p14_genomic_552.fna,1
./genomes/GCA_000001405.29_GRCh38.p14_genomic_24.fna,1
./genomes/GCA_000001405.29_GRCh38.p14_genomic_39.fna,1
./genomes/GCA_000001405.29_GRCh38.p14_genomic_299.fna,1
./genomes/GCA_000001405.29_GRCh38.p14_genomic_27.fna,1
./genomes/GCA_000001405.29_GRCh38.p14_genomic_38.fna,1
./genomes/GCA_000001405.29_GRCh38.p14_genomic_25.fna,1
./genomes/GCA_000001405.29_GRCh38.p14_genomic_78.fna,1
./genomes/GCA_000001405.29_GRCh38.p14_genomic_567.fna,1
./genomes/GCA_000001405.29_GRCh38.p14_genomic_66.fna,1
./genomes/GCA_000001405.29_GRCh38.p14_genomic_187.fna,1
./genomes/GCA_000001405.29_GRCh38.p14_genomic_528.fna,1
./genomes/GCA_000001405.29_GRCh38.p14_genomic_350.fna,1
./genomes/GCA_000001405.29_GRCh38.p14_genomic_273.fna,1
./genomes/GCA_002958085.1_ASM295808v1_genomic.fna,1
./genomes/GCA_000001405.29_GRCh38.p14_genomic_3.fna,1
./genomes/GCA_000001405.29_GRCh38.p14_genomic_121.fna,1
./genomes/GCA_000001405.29_GRCh38.p14_genomic_436.fna,1
./genomes/GCA_000001405.29_GRCh38.p14_genomic_184.fna,1
./genomes/GCA_000001405.29_GRCh38.p14_genomic_306.fna,1
./genomes/GCA_000001405.29_GRCh38.p14_genomic_103.fna,1
./genomes/GCA_000001405.29_GRCh38.p14_genomic_71.fna,1
./genomes/GCA_000001405.29_GRCh38.p14_genomic_434.fna,1
./genomes/GCA_000001405.29_GRCh38.p14_genomic_709.fna,1
./genomes/GCA_000001405.29_GRCh38.p14_genomic_173.fna,1
./genomes/GCA_000001405.29_GRCh38.p14_genomic_442.fna,1
./genomes/GCA_000001405.29_GRCh38.p14_genomic_315.fna,1
./genomes/GCA_000001405.29_GRCh38.p14_genomic_77.fna,1
./genomes/GCA_000001405.29_GRCh38.p14_genomic_431.fna,1
./genomes/GCA_000001405.29_GRCh38.p14_genomic_141.fna,1
./genomes/GCA_000001405.29_GRCh38.p14_genomic_106.fna,1
./genomes/GCA_000001405.29_GRCh38.p14_genomic_166.fna,1
./genomes/GCA_000001405.29_GRCh38.p14_genomic_167.fna,1
./genomes/GCA_000001405.29_GRCh38.p14_genomic_349.fna,1
./genomes/GCA_000001405.29_GRCh38.p14_genomic_120.fna,1
./genomes/GCA_000001405.29_GRCh38.p14_genomic_125.fna,1
./genomes/GCA_000001405.29_GRCh38.p14_genomic_107.fna,1
./genomes/GCA_000001405.29_GRCh38.p14_genomic_126.fna,1
./genomes/GCA_000001405.29_GRCh38.p14_genomic_128.fna,1
./genomes/GCA_000001405.29_GRCh38.p14_genomic_105.fna,1
./genomes/GCA_000001405.29_GRCh38.p14_genomic_108.fna,1
./genomes/GCA_000001405.29_GRCh38.p14_genomic_123.fna,1
./genomes/GCA_000001405.29_GRCh38.p14_genomic_124.fna,1
./genomes/GCA_000001405.29_GRCh38.p14_genomic_72.fna,1
./genomes/GCA_000001405.29_GRCh38.p14_genomic_159.fna,1
./genomes/GCA_000001405.29_GRCh38.p14_genomic_97.fna,1
./genomes/GCA_000001405.29_GRCh38.p14_genomic_94.fna,1
./genomes/GCA_000001405.29_GRCh38.p14_genomic_140.fna,1
./genomes/GCA_000001405.29_GRCh38.p14_genomic_109.fna,1
./genomes/GCA_000001405.29_GRCh38.p14_genomic_127.fna,1
./genomes/GCA_000001405.29_GRCh38.p14_genomic_111.fna,1
./genomes/GCA_000001405.29_GRCh38.p14_genomic_118.fna,1
./genomes/GCA_000001405.29_GRCh38.p14_genomic_139.fna,1
./genomes/GCA_000001405.29_GRCh38.p14_genomic_165.fna,1
./genomes/GCA_000001405.29_GRCh38.p14_genomic_132.fna,1
./genomes/GCA_000001405.29_GRCh38.p14_genomic_161.fna,1
./genomes/GCA_000001405.29_GRCh38.p14_genomic_80.fna,1
./genomes/GCA_000001405.29_GRCh38.p14_genomic_81.fna,1
./genomes/GCA_000001405.29_GRCh38.p14_genomic_98.fna,1
./genomes/GCA_000001405.29_GRCh38.p14_genomic_145.fna,1
./genomes/GCA_000001405.29_GRCh38.p14_genomic_164.fna,1
./genomes/GCA_000001405.29_GRCh38.p14_genomic_84.fna,1
./genomes/GCA_000001405.29_GRCh38.p14_genomic_99.fna,1
./genomes/GCA_000001405.29_GRCh38.p14_genomic_75.fna,1
./genomes/GCA_000001405.29_GRCh38.p14_genomic_67.fna,1
./genomes/GCA_000001405.29_GRCh38.p14_genomic_100.fna,1
./genomes/GCA_000001405.29_GRCh38.p14_genomic_112.fna,1
./genomes/GCA_000001405.29_GRCh38.p14_genomic_68.fna,1
./genomes/GCA_000001405.29_GRCh38.p14_genomic_83.fna,1
./genomes/GCA_000001405.29_GRCh38.p14_genomic_85.fna,1
./genomes/GCA_000001405.29_GRCh38.p14_genomic_86.fna,1
./genomes/GCA_000001405.29_GRCh38.p14_genomic_101.fna,1
./genomes/GCA_000001405.29_GRCh38.p14_genomic_69.fna,1
./genomes/GCA_000001405.29_GRCh38.p14_genomic_157.fna,1
./genomes/GCA_000001405.29_GRCh38.p14_genomic_110.fna,1
./genomes/GCA_000001405.29_GRCh38.p14_genomic_89.fna,1
./genomes/GCA_000001405.29_GRCh38.p14_genomic_148.fna,1
./genomes/GCA_000001405.29_GRCh38.p14_genomic_138.fna,1
./genomes/GCA_000001405.29_GRCh38.p14_genomic_151.fna,1
./genomes/GCA_000001405.29_GRCh38.p14_genomic_93.fna,1
./genomes/GCA_000001405.29_GRCh38.p14_genomic_153.fna,1
./genomes/GCA_000001405.29_GRCh38.p14_genomic_155.fna,1
./genomes/GCA_000001405.29_GRCh38.p14_genomic_129.fna,1
./genomes/GCA_000001405.29_GRCh38.p14_genomic_162.fna,1
./genomes/GCA_000001405.29_GRCh38.p14_genomic_116.fna,1
./genomes/GCA_000001405.29_GRCh38.p14_genomic_119.fna,1
./genomes/GCA_000001405.29_GRCh38.p14_genomic_146.fna,1
./genomes/GCA_000001405.29_GRCh38.p14_genomic_152.fna,1
./genomes/GCA_000001405.29_GRCh38.p14_genomic_70.fna,1
./genomes/GCA_000001405.29_GRCh38.p14_genomic_163.fna,1
./genomes/GCA_000001405.29_GRCh38.p14_genomic_87.fna,1
./genomes/GCA_000001405.29_GRCh38.p14_genomic_74.fna,1
./genomes/GCA_000001405.29_GRCh38.p14_genomic_134.fna,1
./genomes/GCA_000001405.29_GRCh38.p14_genomic_135.fna,1
./genomes/GCA_000001405.29_GRCh38.p14_genomic_117.fna,1
./genomes/GCA_000001405.29_GRCh38.p14_genomic_131.fna,1
./genomes/GCA_000001405.29_GRCh38.p14_genomic_90.fna,1
./genomes/GCA_000001405.29_GRCh38.p14_genomic_154.fna,1
./genomes/GCA_000001405.29_GRCh38.p14_genomic_102.fna,1
./genomes/GCA_000001405.29_GRCh38.p14_genomic_144.fna,1
./genomes/GCA_000001405.29_GRCh38.p14_genomic_92.fna,1
./genomes/GCA_000001405.29_GRCh38.p14_genomic_149.fna,1
./genomes/GCA_000001405.29_GRCh38.p14_genomic_115.fna,1
./genomes/GCA_000001405.29_GRCh38.p14_genomic_73.fna,1
./genomes/GCA_000001405.29_GRCh38.p14_genomic_79.fna,1
./genomes/GCA_000001405.29_GRCh38.p14_genomic_147.fna,1
./genomes/GCA_000001405.29_GRCh38.p14_genomic_160.fna,1
./genomes/GCA_000001405.29_GRCh38.p14_genomic_137.fna,1
./genomes/GCA_000001405.29_GRCh38.p14_genomic_133.fna,1
./genomes/GCA_000001405.29_GRCh38.p14_genomic_142.fna,1
./genomes/GCA_000001405.29_GRCh38.p14_genomic_143.fna,1
./genomes/GCA_000001405.29_GRCh38.p14_genomic_130.fna,1
./genomes/GCA_000001405.29_GRCh38.p14_genomic_82.fna,1
./genomes/GCA_000001405.29_GRCh38.p14_genomic_136.fna,1
./genomes/GCA_000001405.29_GRCh38.p14_genomic_76.fna,1
./genomes/GCA_000001405.29_GRCh38.p14_genomic_113.fna,1
./genomes/GCA_000001405.29_GRCh38.p14_genomic_158.fna,1
./genomes/GCA_000001405.29_GRCh38.p14_genomic_88.fna,1
./genomes/GCA_000001405.29_GRCh38.p14_genomic_156.fna,1
./genomes/GCA_000001405.29_GRCh38.p14_genomic_150.fna,1
